rules,,support,confidence,lift,count,,Top 10 Support ,,Support,Confidence,Lift,Count,,,,,,,,,,,
565,"{Acer Aspire,HP Laptop,iMac} => {ViewSonic Monitor}",0.006,0.462,4.189,61,,158,{HP Laptop} => {iMac},0.075546518,0.38920901,1.519599291,743,,"Are imacs frequently bought in ""bundles""?",,,,,,,,,
4,{HP Black & Tri-color Ink} => {ViewSonic Monitor},0.007,0.431,3.909,69,,159,{iMac} => {HP Laptop},0.075546518,0.294958317,1.519599291,743,,,,,,,,,,,
62,{Dell 2 Desktop} => {Apple Magic Keyboard},0.009,0.272,3.797,89,,157,{Lenovo Desktop Computer} => {iMac},0.0587697,0.396978022,1.549932055,578,,,,,,,,,,,
169,"{Computer Game,HP Laptop} => {ViewSonic Monitor}",0.007,0.412,3.738,73,,155,{CYBERPOWER Gamer Desktop} => {iMac},0.056736146,0.308457711,1.204319806,558,,,,,,,,,,,
586,"{Dell Desktop,HP Laptop,Lenovo Desktop Computer} => {ViewSonic Monitor}",0.006,0.412,3.736,61,,154,{Dell Desktop} => {iMac},0.054600915,0.407435508,1.590761502,537,,,,,,,,,,,
183,"{ASUS Chromebook,HP Laptop} => {ViewSonic Monitor}",0.008,0.41,3.719,80,,151,{ViewSonic Monitor} => {iMac},0.049415353,0.447926267,1.74885067,486,,,,,,,,,,,
573,"{Acer Desktop,HP Laptop,iMac} => {ViewSonic Monitor}",0.006,0.401,3.637,63,,150,{ViewSonic Monitor} => {HP Laptop},0.047991866,0.435023041,2.241200426,472,,,,,,,,,,,
569,"{Acer Aspire,HP Laptop,iMac} => {Dell Desktop}",0.006,0.477,3.561,63,,156,{Lenovo Desktop Computer} => {HP Laptop},0.046161668,0.311813187,1.606434098,454,,,,,,,,,,,
594,"{Dell Desktop,HP Laptop,iMac} => {ViewSonic Monitor}",0.009,0.393,3.56,86,,153,{Dell Desktop} => {HP Laptop},0.044941535,0.335356601,1.727727695,442,,,,,,,,,,,
322,"{Lenovo Desktop Computer,ViewSonic Monitor} => {Apple Magic Keyboard}",0.007,0.251,3.5,70,,152,{Dell Desktop} => {Lenovo Desktop Computer},0.036705643,0.273899848,1.850140802,361,,,,,,,,,,,
570,"{Dell Desktop,HP Laptop,iMac} => {Acer Aspire}",0.006,0.288,3.476,63,,,,,,,,,,,,,,,,,,
185,"{ASUS Chromebook,iMac} => {ViewSonic Monitor}",0.008,0.381,3.453,80,,Top 10 Confidence,,Support,Confidence,Lift,Count,,"{Acer Aspire,iMac,ViewSonic Monitor} => {HP Laptop} and {Acer Desktop,iMac,ViewSonic Monitor} => {HP Laptop} has high confidence and lift. Again, there's people buying multiple computers in a single transaction, which is surprising. In this case, a HP Laptop  was bought in more than 60% of the times that itemsets {Acer Aspire,iMac,ViewSonic Monitor} and {Acer Desktop,iMac,ViewSonic Monitor} were bought.",,,,,,,,,
564,"{Acer Aspire,iMac,ViewSonic Monitor} => {HP Laptop}",0.006,0.663,3.416,61,,587,"{Dell Desktop,Lenovo Desktop Computer,ViewSonic Monitor} => {iMac}",0.006914082,0.693877551,2.709124936,68,,,,,,,,,,,
590,"{Dell Desktop,iMac,Lenovo Desktop Computer} => {ViewSonic Monitor}",0.007,0.372,3.368,68,,248,"{Apple Magic Keyboard,ASUS Monitor} => {iMac}",0.006812405,0.67,2.615899166,67,,,,,,,,,,,
364,"{Acer Aspire,HP Laptop} => {ViewSonic Monitor}",0.011,0.371,3.36,106,,564,"{Acer Aspire,iMac,ViewSonic Monitor} => {HP Laptop}",0.006202339,0.663043478,3.415941649,61,,,,,,,,,,,
602,"{HP Laptop,iMac,Lenovo Desktop Computer} => {ViewSonic Monitor}",0.008,0.366,3.314,83,,571,"{Acer Desktop,HP Laptop,ViewSonic Monitor} => {iMac}",0.006405694,0.65625,2.562214669,63,,,,,,,,,,,
221,"{ASUS 2 Monitor,Dell Desktop} => {Lenovo Desktop Computer}",0.007,0.489,3.306,69,,219,"{Acer Desktop,ASUS 2 Monitor} => {iMac}",0.006405694,0.642857143,2.509924573,63,,,,,,,,,,,
585,"{HP Laptop,Lenovo Desktop Computer,ViewSonic Monitor} => {Dell Desktop}",0.006,0.442,3.298,61,,251,"{ASUS Monitor,ViewSonic Monitor} => {iMac}",0.008235892,0.637795276,2.490161388,81,,,,,,,,,,,
572,"{Acer Desktop,iMac,ViewSonic Monitor} => {HP Laptop}",0.006,0.636,3.278,63,,572,"{Acer Desktop,iMac,ViewSonic Monitor} => {HP Laptop}",0.006405694,0.636363636,3.278489452,63,,,,,,,,,,,
589,"{iMac,Lenovo Desktop Computer,ViewSonic Monitor} => {Dell Desktop}",0.007,0.439,3.274,68,,255,"{ASUS Monitor,Dell Desktop} => {iMac}",0.007930859,0.634146341,2.475914755,78,,,,,,,,,,,
381,"{CYBERPOWER Gamer Desktop,Microsoft Wireless Desktop Keyboard and Mouse} => {Samsung Monitor}",0.006,0.313,3.266,60,,579,"{Acer Desktop,HP Laptop,Lenovo Desktop Computer} => {iMac}",0.006304016,0.632653061,2.470084501,62,,,,,,,,,,,
357,"{Acer Aspire,Acer Desktop} => {Dell Desktop}",0.007,0.436,3.253,68,,260,"{ASUS Monitor,Lenovo Desktop Computer} => {iMac}",0.009761057,0.631578947,2.465890809,96,,,,,,,,,,,
583,"{Dell Desktop,Lenovo Desktop Computer,ViewSonic Monitor} => {HP Laptop}",0.006,0.622,3.207,61,,,,,,,,,,,,,,,,,,
173,"{Epson Printer,HP Laptop} => {ViewSonic Monitor}",0.006,0.352,3.193,62,,Top Lift,,Support,Confidence,Lift,Count,,,,,,,,,,,
168,"{Computer Game,ViewSonic Monitor} => {HP Laptop}",0.007,0.619,3.187,73,,565,"{Acer Aspire,HP Laptop,iMac} => {ViewSonic Monitor}",0.006202339,0.462121212,4.188905181,61,want a monitor for laptop or desktop,,,,,,,,,,
16,{Rii LED Gaming Keyboard & Mouse Combo} => {Dell Desktop},0.007,0.427,3.186,73,,4,{HP Black & Tri-color Ink} => {ViewSonic Monitor},0.00701576,0.43125,3.909072581,69,"inexplicable, except that ViewSonic monitor is a popular monitor",,,,,,,,,,
577,"{Acer Desktop,HP Laptop,iMac} => {Dell Desktop}",0.007,0.427,3.184,67,,62,{Dell 2 Desktop} => {Apple Magic Keyboard},0.009049314,0.272171254,3.796885505,89,keyboard for desktop,,,,,,,,,,
598,"{CYBERPOWER Gamer Desktop,HP Laptop,iMac} => {ViewSonic Monitor}",0.006,0.35,3.175,62,,169,"{Computer Game,HP Laptop} => {ViewSonic Monitor}",0.007422471,0.412429379,3.738472754,73,want monitor for laptop,,,,,"ViewSonic Monitor appeared on RHS side many times in top lift rules. Many people seem to purchase it for their laptop or desktop. Seems like the ViewSonic Monitor is a popularly bought products, and it beats out the other monitor brands that show up in transactions (LG, Samsung, HP, Asus).",,,,,
588,"{Dell Desktop,iMac,ViewSonic Monitor} => {Lenovo Desktop Computer}",0.007,0.469,3.168,68,,586,"{Dell Desktop,HP Laptop,Lenovo Desktop Computer} => {ViewSonic Monitor}",0.006202339,0.412162162,3.736050567,61,want monitor for laptop or desktop,,,,,,,,,,
566,"{HP Laptop,iMac,ViewSonic Monitor} => {Acer Aspire}",0.006,0.262,3.163,61,,183,"{ASUS Chromebook,HP Laptop} => {ViewSonic Monitor}",0.008134215,0.41025641,3.718775848,80,want monitor for laptop,,,,,,,,,,
363,"{Acer Aspire,ViewSonic Monitor} => {HP Laptop}",0.011,0.602,3.103,106,,573,"{Acer Desktop,HP Laptop,iMac} => {ViewSonic Monitor}",0.006405694,0.401273885,3.637353606,63,want monitor for laptop or desktop,,,,,,,,,,
502,"{Dell Desktop,HP Laptop} => {ViewSonic Monitor}",0.015,0.339,3.076,150,,569,"{Acer Aspire,HP Laptop,iMac} => {Dell Desktop}",0.006405694,0.477272727,3.561439509,63,inexplicable?,,,,,,,,,,
51,{Panasonic In-Ear Headphone} => {Samsung Monitor},0.007,0.294,3.072,72,,594,"{Dell Desktop,HP Laptop,iMac} => {ViewSonic Monitor}",0.008744281,0.392694064,3.559581676,86,want monitor for laptop or desktop,,,,,"Not sure if this is an inexplicable insight or an actionable one: surprisingly, people who bought HP Black & Tri-color Ink were almost 4 times more likely to buy a ViewSonic Monitor compared to ViewSonic Monitors' typical rate of purchase.",,,,,
318,"{Acer Desktop,Apple Magic Keyboard} => {HP Laptop}",0.006,0.594,3.062,63,,322,"{Lenovo Desktop Computer,ViewSonic Monitor} => {Apple Magic Keyboard}",0.007117438,0.250896057,3.50008897,70,keyboard for desktop,,,,,,,,,,
592,"{Dell Desktop,iMac,ViewSonic Monitor} => {HP Laptop}",0.009,0.593,3.056,86,,570,"{Dell Desktop,HP Laptop,iMac} => {Acer Aspire}",0.006405694,0.287671233,3.475732894,63,inexplicable?,,,,,,,,,,
285,"{HP Laptop,Microsoft Office Home and Student 2016} => {ViewSonic Monitor}",0.008,0.335,3.035,77,,185,"{ASUS Chromebook,iMac} => {ViewSonic Monitor}",0.008134215,0.380952381,3.453149002,80,want monitor for laptop,,,,,"A bunch of rules tell us people are buying multiple computers per transaction, which seem surprising as we'd expect a typical person to just buy one computer at a time. They seem to be buying in bundles. How can we act on this?",,,,,
98,{ASUS Chromebook} => {ViewSonic Monitor},0.017,0.333,3.022,172,,564,"{Acer Aspire,iMac,ViewSonic Monitor} => {HP Laptop}",0.006202339,0.663043478,3.415941649,61,inexplicable?,,,,,,,,,,
359,"{Acer Desktop,Dell Desktop} => {Acer Aspire}",0.007,0.25,3.021,68,,590,"{Dell Desktop,iMac,Lenovo Desktop Computer} => {ViewSonic Monitor}",0.006914082,0.371584699,3.368235501,68,want monitor for desktop,,,,,,,,,,
250,"{ASUS Monitor,HP Laptop} => {ViewSonic Monitor}",0.007,0.332,3.006,66,,364,"{Acer Aspire,HP Laptop} => {ViewSonic Monitor}",0.010777834,0.370629371,3.359575908,106,want monitor for laptop,,,,,,,,,,
578,"{Dell Desktop,HP Laptop,iMac} => {Acer Desktop}",0.007,0.306,3.003,67,,602,"{HP Laptop,iMac,Lenovo Desktop Computer} => {ViewSonic Monitor}",0.008439248,0.365638767,3.314338497,83,want monitor for laptop or desktop,,,,,,,,,,
327,"{Apple Magic Keyboard,Dell Desktop} => {Lenovo Desktop Computer}",0.008,0.444,3.002,76,,221,"{ASUS 2 Monitor,Dell Desktop} => {Lenovo Desktop Computer}",0.00701576,0.489361702,3.30554419,69,inexplicable?,,,,,,,,,,
568,"{Acer Aspire,Dell Desktop,iMac} => {HP Laptop}",0.006,0.578,2.978,63,,585,"{HP Laptop,Lenovo Desktop Computer,ViewSonic Monitor} => {Dell Desktop}",0.006202339,0.442028986,3.298448462,61,inexplicable?,,,,,"Dell 2 Desktop => Apple Magic Keyboard. 2nd highest lift! Put these two products together. Also, consider a promotion on Dell 2 Desktop, which would potentially lead to more sales of Lenovo Desktop Computers as well with lift of 2.19",,,,,
481,"{Acer Desktop,HP Laptop} => {Dell Desktop}",0.012,0.397,2.965,122,,572,"{Acer Desktop,iMac,ViewSonic Monitor} => {HP Laptop}",0.006405694,0.636363636,3.278489452,63,inexplicable?,,,,,Rules containing Apple Magic Keyboard,,support,confidence,lift,count
500,"{Dell Desktop,ViewSonic Monitor} => {HP Laptop}",0.015,0.575,2.961,150,,589,"{iMac,Lenovo Desktop Computer,ViewSonic Monitor} => {Dell Desktop}",0.006914082,0.438709677,3.273679573,68,inexplicable?,,,,,62,{Dell 2 Desktop} => {Apple Magic Keyboard},0.009049314,0.272171254,3.796885505,89
576,"{Acer Desktop,Dell Desktop,iMac} => {HP Laptop}",0.007,0.573,2.95,67,,381,"{CYBERPOWER Gamer Desktop,Microsoft Wireless Desktop Keyboard and Mouse} => {Samsung Monitor}",0.006100661,0.3125,3.266139745,60,samsung monitor for desktop!,,,,,322,"{Lenovo Desktop Computer,ViewSonic Monitor} => {Apple Magic Keyboard}",0.007117438,0.250896057,3.50008897,70
479,"{Acer Desktop,Lenovo Desktop Computer} => {Dell Desktop}",0.009,0.395,2.946,90,,357,"{Acer Aspire,Acer Desktop} => {Dell Desktop}",0.006914082,0.435897436,3.252694448,68,inexplicable?,,,,,318,"{Acer Desktop,Apple Magic Keyboard} => {HP Laptop}",0.006405694,0.594339623,3.061985431,63
199,"{HP Laptop,LG Monitor} => {ViewSonic Monitor}",0.007,0.324,2.936,69,,583,"{Dell Desktop,Lenovo Desktop Computer,ViewSonic Monitor} => {HP Laptop}",0.006202339,0.62244898,3.206802365,61,inexplicable?,,,,,327,"{Apple Magic Keyboard,Dell Desktop} => {Lenovo Desktop Computer}",0.007727504,0.444444444,3.002136752,76
321,"{Apple Magic Keyboard,Lenovo Desktop Computer} => {ViewSonic Monitor}",0.007,0.323,2.924,70,,173,"{Epson Printer,HP Laptop} => {ViewSonic Monitor}",0.006304016,0.352272727,3.193181818,62,want monitor for laptop,,,,,321,"{Apple Magic Keyboard,Lenovo Desktop Computer} => {ViewSonic Monitor}",0.007117438,0.322580645,2.924037461,70
308,"{HP Laptop,HP Monitor} => {Dell Desktop}",0.008,0.391,2.92,81,,168,"{Computer Game,ViewSonic Monitor} => {HP Laptop}",0.007422471,0.618644068,3.187199794,73,want monitor for laptop,,,,,329,"{Apple Magic Keyboard,Dell Desktop} => {HP Laptop}",0.00965938,0.555555556,2.862173331,95
163,"{iMac,Intel Desktop} => {Lenovo Desktop Computer}",0.007,0.432,2.919,70,,16,{Rii LED Gaming Keyboard & Mouse Combo} => {Dell Desktop},0.007422471,0.426900585,3.185559371,73,desktop to go with peripherals,,,,,320,"{Apple Magic Keyboard,ViewSonic Monitor} => {Lenovo Desktop Computer}",0.007117438,0.409356725,2.765125956,70
465,"{Acer Desktop,ViewSonic Monitor} => {Dell Desktop}",0.007,0.39,2.911,71,,577,"{Acer Desktop,HP Laptop,iMac} => {Dell Desktop}",0.006812405,0.426751592,3.18444758,67,inexplicable?,,,,,324,"{Apple Magic Keyboard,HP Laptop} => {ViewSonic Monitor}",0.008744281,0.302816901,2.744888687,86
224,"{ASUS 2 Monitor,HP Laptop} => {Dell Desktop}",0.007,0.385,2.873,72,,598,"{CYBERPOWER Gamer Desktop,HP Laptop,iMac} => {ViewSonic Monitor}",0.006304016,0.350282486,3.175141243,62,want monitor for laptop or desktop,,,,,326,"{Apple Magic Keyboard,iMac} => {ViewSonic Monitor}",0.009557702,0.295597484,2.679448164,94
312,"{HP Laptop,HP Monitor} => {Lenovo Desktop Computer}",0.009,0.425,2.872,88,,588,"{Dell Desktop,iMac,ViewSonic Monitor} => {Lenovo Desktop Computer}",0.006914082,0.468965517,3.167771883,68,inexplicable?,,,,,248,"{Apple Magic Keyboard,ASUS Monitor} => {iMac}",0.006812405,0.67,2.615899166,67
358,"{Acer Aspire,Dell Desktop} => {Acer Desktop}",0.007,0.292,2.865,68,,566,"{HP Laptop,iMac,ViewSonic Monitor} => {Acer Aspire}",0.006202339,0.261802575,3.163179762,61,inexplicable?,,,,,328,"{Apple Magic Keyboard,Lenovo Desktop Computer} => {Dell Desktop}",0.007727504,0.350230415,2.613441676,76
265,"{Backlit LED Gaming Keyboard,HP Laptop} => {ViewSonic Monitor}",0.006,0.316,2.862,60,,363,"{Acer Aspire,ViewSonic Monitor} => {HP Laptop}",0.010777834,0.602272727,3.102856088,106,inexplicable?,,,,,323,"{Apple Magic Keyboard,ViewSonic Monitor} => {HP Laptop}",0.008744281,0.502923977,2.591020068,86
329,"{Apple Magic Keyboard,Dell Desktop} => {HP Laptop}",0.01,0.556,2.862,95,,502,"{Dell Desktop,HP Laptop} => {ViewSonic Monitor}",0.015251652,0.339366516,3.076193256,150,want monitor for laptop or desktop,,,,,330,"{Apple Magic Keyboard,HP Laptop} => {Dell Desktop}",0.00965938,0.334507042,2.496112868,95
606,"{HP Laptop,iMac,Lenovo Desktop Computer} => {Dell Desktop}",0.009,0.383,2.86,87,,51,{Panasonic In-Ear Headphone} => {Samsung Monitor},0.007320793,0.293877551,3.071504479,72,inexplicable,,,,,336,"{Apple Magic Keyboard,HP Laptop} => {Lenovo Desktop Computer}",0.010574479,0.366197183,2.473591549,104
302,"{HP Laptop,HP Monitor} => {ViewSonic Monitor}",0.007,0.314,2.846,65,,318,"{Acer Desktop,Apple Magic Keyboard} => {HP Laptop}",0.006405694,0.594339623,3.061985431,63,inexplicable?,,,,,335,"{Apple Magic Keyboard,Lenovo Desktop Computer} => {HP Laptop}",0.010574479,0.479262673,2.469119113,104
222,"{ASUS 2 Monitor,Lenovo Desktop Computer} => {Dell Desktop}",0.007,0.381,2.845,69,,592,"{Dell Desktop,iMac,ViewSonic Monitor} => {HP Laptop}",0.008744281,0.593103448,3.05561677,86,inexplicable?,,,,,319,"{Acer Desktop,Apple Magic Keyboard} => {iMac}",0.006710727,0.622641509,2.430996128,66
370,"{Acer Aspire,HP Laptop} => {Dell Desktop}",0.011,0.381,2.844,109,,285,"{HP Laptop,Microsoft Office Home and Student 2016} => {ViewSonic Monitor}",0.007829181,0.334782609,3.034642356,77,want monitor for laptop,,,,,338,"{Apple Magic Keyboard,iMac} => {Lenovo Desktop Computer}",0.0113879,0.352201258,2.379051766,112
521,"{HP Laptop,iMac} => {ViewSonic Monitor}",0.024,0.314,2.843,233,,98,{ASUS Chromebook} => {ViewSonic Monitor},0.017488561,0.333333333,3.021505376,172,want monitor for laptop,,,,,333,"{Apple Magic Keyboard,CYBERPOWER Gamer Desktop} => {HP Laptop}",0.006710727,0.458333333,2.361292998,66
301,"{HP Monitor,ViewSonic Monitor} => {HP Laptop}",0.007,0.551,2.838,65,,359,"{Acer Desktop,Dell Desktop} => {Acer Aspire}",0.006914082,0.25,3.020577396,68,inexplicable?,,,,,340,"{Apple Magic Keyboard,iMac} => {HP Laptop}",0.014743264,0.455974843,2.349142262,145
472,"{Acer Desktop,HP Laptop} => {ViewSonic Monitor}",0.01,0.313,2.835,96,,250,"{ASUS Monitor,HP Laptop} => {ViewSonic Monitor}",0.006710727,0.331658291,3.006321932,66,want monitor for laptop,,,,,332,"{Apple Magic Keyboard,iMac} => {Dell Desktop}",0.010167768,0.314465409,2.346560922,100
201,"{iMac,LG Monitor} => {ViewSonic Monitor}",0.007,0.311,2.815,68,,578,"{Dell Desktop,HP Laptop,iMac} => {Acer Desktop}",0.006812405,0.305936073,3.002875527,67,inexplicable?,,,,,331,"{Apple Magic Keyboard,Dell Desktop} => {iMac}",0.010167768,0.584795322,2.28323223,100
469,"{Acer Desktop,Lenovo Desktop Computer} => {ViewSonic Monitor}",0.007,0.307,2.783,70,,327,"{Apple Magic Keyboard,Dell Desktop} => {Lenovo Desktop Computer}",0.007727504,0.444444444,3.002136752,76,inexplicable?,,,,,317,"{Acer Aspire,Apple Magic Keyboard} => {iMac}",0.006304016,0.579439252,2.262320384,62
320,"{Apple Magic Keyboard,ViewSonic Monitor} => {Lenovo Desktop Computer}",0.007,0.409,2.765,70,,,,,,,,,,,,,218,"{Apple Magic Keyboard,ASUS 2 Monitor} => {iMac}",0.006304016,0.568807339,2.220809918,62
366,"{Acer Aspire,iMac} => {ViewSonic Monitor}",0.009,0.305,2.761,92,,,,,,,,,,,,,325,"{Apple Magic Keyboard,ViewSonic Monitor} => {iMac}",0.009557702,0.549707602,2.146238297,94
600,"{iMac,Lenovo Desktop Computer,ViewSonic Monitor} => {HP Laptop}",0.008,0.535,2.759,83,,,,,,,,,,,,,334,"{Apple Magic Keyboard,CYBERPOWER Gamer Desktop} => {iMac}",0.007829181,0.534722222,2.087730471,77
515,"{HP Laptop,Lenovo Desktop Computer} => {ViewSonic Monitor}",0.014,0.304,2.755,138,,,,,,,,,,,,,131,{Apple Magic Keyboard} => {Lenovo Desktop Computer},0.022064057,0.307801418,2.079139389,217
593,"{HP Laptop,iMac,ViewSonic Monitor} => {Dell Desktop}",0.009,0.369,2.754,86,,,,,,,,,,,,,132,{Apple Magic Keyboard} => {HP Laptop},0.028876462,0.402836879,2.075380152,284
172,"{Epson Printer,ViewSonic Monitor} => {HP Laptop}",0.006,0.534,2.754,62,,,,,,,,,,,,,337,"{Apple Magic Keyboard,Lenovo Desktop Computer} => {iMac}",0.0113879,0.516129032,2.015136575,112
175,"{Epson Printer,iMac} => {ViewSonic Monitor}",0.006,0.303,2.751,61,,,,,,,,,,,,,339,"{Apple Magic Keyboard,HP Laptop} => {iMac}",0.014743264,0.51056338,1.993406449,145
584,"{Dell Desktop,HP Laptop,ViewSonic Monitor} => {Lenovo Desktop Computer}",0.006,0.407,2.747,61,,,,,,,,,,,,,133,{Apple Magic Keyboard} => {iMac},0.032333503,0.45106383,1.761100741,318
324,"{Apple Magic Keyboard,HP Laptop} => {ViewSonic Monitor}",0.009,0.303,2.745,86,,,,,,,,,,,,,,,,,,
253,"{ASUS Monitor,Dell Desktop} => {HP Laptop}",0.007,0.528,2.723,65,,,,,,,,,,,,,Rules containing Dell 2 Desktop,,support,confidence,lift,count
471,"{Acer Desktop,ViewSonic Monitor} => {HP Laptop}",0.01,0.527,2.717,96,,,,,,,,,,,,,62,{Dell 2 Desktop} => {Apple Magic Keyboard},0.009049314,0.272171254,3.796885505,89
361,"{Acer Aspire,ViewSonic Monitor} => {Dell Desktop}",0.007,0.364,2.713,64,,,,,,,,,,,,,63,{Dell 2 Desktop} => {Lenovo Desktop Computer},0.010777834,0.324159021,2.189631851,106
264,"{Backlit LED Gaming Keyboard,ViewSonic Monitor} => {HP Laptop}",0.006,0.526,2.712,60,,,,,,,,,,,,,64,{Dell 2 Desktop} => {HP Laptop},0.010371124,0.311926606,1.607018421,102
482,"{Dell Desktop,HP Laptop} => {Acer Desktop}",0.012,0.276,2.709,122,,,,,,,,,,,,,65,{Dell 2 Desktop} => {iMac},0.011896289,0.357798165,1.396961077,117
587,"{Dell Desktop,Lenovo Desktop Computer,ViewSonic Monitor} => {iMac}",0.007,0.694,2.709,68,,,,,,,,,,,,,,,,,,
13,{Smart Light Bulb} => {Dell Desktop},0.006,0.362,2.702,63,,,,,,,,,,,,,,,,,,
252,"{ASUS Monitor,iMac} => {ViewSonic Monitor}",0.008,0.298,2.699,81,,,,,,,,,,,,,,,,,,
372,"{Acer Aspire,iMac} => {Dell Desktop}",0.011,0.361,2.693,109,,,,,,,,,,,,,,,,,,
171,"{Computer Game,iMac} => {HP Laptop}",0.009,0.521,2.687,85,,,,,,,,,,,,,,,,,,
605,"{Dell Desktop,HP Laptop,iMac} => {Lenovo Desktop Computer}",0.009,0.397,2.683,87,,,,,,,,,,,,,,,,,,
582,"{HP Laptop,iMac,Lenovo Desktop Computer} => {Acer Desktop}",0.006,0.273,2.681,62,,,,,,,,,,,,,,,,,,
326,"{Apple Magic Keyboard,iMac} => {ViewSonic Monitor}",0.01,0.296,2.679,94,,,,,,,,,,,,,,,,,,
249,"{ASUS Monitor,ViewSonic Monitor} => {HP Laptop}",0.007,0.52,2.677,66,,,,,,,,,,,,,,,,,,
467,"{Dell Desktop,ViewSonic Monitor} => {Acer Desktop}",0.007,0.272,2.67,71,,,,,,,,,,,,,,,,,,
581,"{Acer Desktop,HP Laptop,iMac} => {Lenovo Desktop Computer}",0.006,0.395,2.668,62,,,,,,,,,,,,,,,,,,
284,"{Microsoft Office Home and Student 2016,ViewSonic Monitor} => {HP Laptop}",0.008,0.517,2.662,77,,,,,,,,,,,,,,,,,,
382,"{Microsoft Wireless Desktop Keyboard and Mouse,ViewSonic Monitor} => {HP Laptop}",0.007,0.516,2.656,66,,,,,,,,,,,,,,,,,,
574,"{HP Laptop,iMac,ViewSonic Monitor} => {Acer Desktop}",0.006,0.27,2.654,63,,,,,,,,,,,,,,,,,,
580,"{Acer Desktop,iMac,Lenovo Desktop Computer} => {HP Laptop}",0.006,0.512,2.64,62,,,,,,,,,,,,,,,,,,
398,"{Apple Earpods,CYBERPOWER Gamer Desktop} => {Samsung Monitor}",0.01,0.252,2.634,95,,,,,,,,,,,,,,,,,,
223,"{ASUS 2 Monitor,Dell Desktop} => {HP Laptop}",0.007,0.511,2.631,72,,,,,,,,,,,,,,,,,,
425,"{Apple MacBook Pro,HP Laptop} => {ViewSonic Monitor}",0.007,0.29,2.627,71,,,,,,,,,,,,,,,,,,
383,"{HP Laptop,Microsoft Wireless Desktop Keyboard and Mouse} => {ViewSonic Monitor}",0.007,0.289,2.624,66,,,,,,,,,,,,,,,,,,
498,"{Lenovo Desktop Computer,ViewSonic Monitor} => {Dell Desktop}",0.01,0.351,2.621,98,,,,,,,,,,,,,,,,,,
231,"{ASUS 2 Monitor,iMac} => {Lenovo Desktop Computer}",0.011,0.388,2.619,107,,,,,,,,,,,,,,,,,,
248,"{Apple Magic Keyboard,ASUS Monitor} => {iMac}",0.007,0.67,2.616,67,,,,,,,,,,,,,,,,,,
287,"{iMac,Microsoft Office Home and Student 2016} => {ViewSonic Monitor}",0.009,0.289,2.615,88,,,,,,,,,,,,,,,,,,
198,"{LG Monitor,ViewSonic Monitor} => {HP Laptop}",0.007,0.507,2.614,69,,,,,,,,,,,,,,,,,,
19,{Koss Home Headphones} => {Lenovo Desktop Computer},0.007,0.387,2.613,65,,,,,,,,,,,,,,,,,,
328,"{Apple Magic Keyboard,Lenovo Desktop Computer} => {Dell Desktop}",0.008,0.35,2.613,76,,,,,,,,,,,,,,,,,,
468,"{Acer Desktop,ViewSonic Monitor} => {Lenovo Desktop Computer}",0.007,0.385,2.598,70,,,,,,,,,,,,,,,,,,
510,"{CYBERPOWER Gamer Desktop,HP Laptop} => {ViewSonic Monitor}",0.012,0.286,2.596,120,,,,,,,,,,,,,,,,,,
323,"{Apple Magic Keyboard,ViewSonic Monitor} => {HP Laptop}",0.009,0.503,2.591,86,,,,,,,,,,,,,,,,,,
92,{Computer Game} => {ViewSonic Monitor},0.012,0.286,2.59,118,,,,,,,,,,,,,,,,,,
508,"{CYBERPOWER Gamer Desktop,ViewSonic Monitor} => {HP Laptop}",0.012,0.502,2.587,120,,,,,,,,,,,,,,,,,,
571,"{Acer Desktop,HP Laptop,ViewSonic Monitor} => {iMac}",0.006,0.656,2.562,63,,,,,,,,,,,,,,,,,,
436,"{Apple MacBook Pro,Lenovo Desktop Computer} => {Dell Desktop}",0.008,0.343,2.561,81,,,,,,,,,,,,,,,,,,
513,"{Lenovo Desktop Computer,ViewSonic Monitor} => {HP Laptop}",0.014,0.495,2.548,138,,,,,,,,,,,,,,,,,,
497,"{Dell Desktop,ViewSonic Monitor} => {Lenovo Desktop Computer}",0.01,0.375,2.536,98,,,,,,,,,,,,,,,,,,
219,"{Acer Desktop,ASUS 2 Monitor} => {iMac}",0.006,0.643,2.51,63,,,,,,,,,,,,,,,,,,
435,"{Apple MacBook Pro,Dell Desktop} => {Lenovo Desktop Computer}",0.008,0.372,2.51,81,,,,,,,,,,,,,,,,,,
474,"{Acer Desktop,iMac} => {ViewSonic Monitor}",0.01,0.277,2.507,99,,,,,,,,,,,,,,,,,,
330,"{Apple Magic Keyboard,HP Laptop} => {Dell Desktop}",0.01,0.335,2.496,95,,,,,,,,,,,,,,,,,,
251,"{ASUS Monitor,ViewSonic Monitor} => {iMac}",0.008,0.638,2.49,81,,,,,,,,,,,,,,,,,,
362,"{Acer Aspire,Dell Desktop} => {ViewSonic Monitor}",0.007,0.275,2.49,64,,,,,,,,,,,,,,,,,,
422,"{Apple MacBook Air,iMac} => {Apple MacBook Pro}",0.008,0.275,2.488,77,,,,,,,,,,,,,,,,,,
193,"{iMac,iPad Pro} => {Dell Desktop}",0.007,0.333,2.487,65,,,,,,,,,,,,,,,,,,
1,{Dell KM117 Wireless Keyboard & Mouse} => {Apple MacBook Air},0.007,0.386,2.483,73,,,,,,,,,,,,,,,,,,
5,{HP Black & Tri-color Ink} => {HP Laptop},0.008,0.481,2.479,77,,,,,,,,,,,,,,,,,,
255,"{ASUS Monitor,Dell Desktop} => {iMac}",0.008,0.634,2.476,78,,,,,,,,,,,,,,,,,,
336,"{Apple Magic Keyboard,HP Laptop} => {Lenovo Desktop Computer}",0.011,0.366,2.474,104,,,,,,,,,,,,,,,,,,
305,"{Dell Desktop,HP Monitor} => {Lenovo Desktop Computer}",0.007,0.366,2.47,64,,,,,,,,,,,,,,,,,,
579,"{Acer Desktop,HP Laptop,Lenovo Desktop Computer} => {iMac}",0.006,0.633,2.47,62,,,,,,,,,,,,,,,,,,
520,"{iMac,ViewSonic Monitor} => {HP Laptop}",0.024,0.479,2.47,233,,,,,,,,,,,,,,,,,,
335,"{Apple Magic Keyboard,Lenovo Desktop Computer} => {HP Laptop}",0.011,0.479,2.469,104,,,,,,,,,,,,,,,,,,
260,"{ASUS Monitor,Lenovo Desktop Computer} => {iMac}",0.01,0.632,2.466,96,,,,,,,,,,,,,,,,,,
368,"{Acer Aspire,Lenovo Desktop Computer} => {Dell Desktop}",0.007,0.33,2.465,73,,,,,,,,,,,,,,,,,,
225,"{ASUS 2 Monitor,Dell Desktop} => {iMac}",0.009,0.631,2.464,89,,,,,,,,,,,,,,,,,,
470,"{Lenovo Desktop Computer,ViewSonic Monitor} => {Acer Desktop}",0.007,0.251,2.463,70,,,,,,,,,,,,,,,,,,
499,"{Dell Desktop,Lenovo Desktop Computer} => {ViewSonic Monitor}",0.01,0.271,2.461,98,,,,,,,,,,,,,,,,,,
181,"{Epson Printer,iMac} => {HP Laptop}",0.01,0.478,2.461,96,,,,,,,,,,,,,,,,,,
314,"{HP Monitor,iMac} => {Lenovo Desktop Computer}",0.01,0.364,2.456,96,,,,,,,,,,,,,,,,,,
604,"{Dell Desktop,iMac,Lenovo Desktop Computer} => {HP Laptop}",0.009,0.475,2.449,87,,,,,,,,,,,,,,,,,,
306,"{HP Monitor,Lenovo Desktop Computer} => {Dell Desktop}",0.007,0.328,2.449,64,,,,,,,,,,,,,,,,,,
505,"{Dell Desktop,iMac} => {ViewSonic Monitor}",0.015,0.27,2.448,145,,,,,,,,,,,,,,,,,,
167,"{HP Wireless Mouse,iMac} => {HP Laptop}",0.008,0.474,2.443,83,,,,,,,,,,,,,,,,,,
484,"{Acer Desktop,iMac} => {Dell Desktop}",0.012,0.327,2.439,117,,,,,,,,,,,,,,,,,,
254,"{ASUS Monitor,HP Laptop} => {Dell Desktop}",0.007,0.327,2.437,65,,,,,,,,,,,,,,,,,,
545,"{HP Laptop,Lenovo Desktop Computer} => {Dell Desktop}",0.015,0.326,2.433,148,,,,,,,,,,,,,,,,,,
319,"{Acer Desktop,Apple Magic Keyboard} => {iMac}",0.007,0.623,2.431,66,,,,,,,,,,,,,,,,,,
518,"{iMac,Lenovo Desktop Computer} => {ViewSonic Monitor}",0.016,0.268,2.431,155,,,,,,,,,,,,,,,,,,
229,"{ASUS 2 Monitor,HP Laptop} => {Lenovo Desktop Computer}",0.007,0.358,2.42,67,,,,,,,,,,,,,,,,,,
431,"{Apple Earpods,Lenovo Desktop Computer} => {Apple MacBook Pro}",0.008,0.267,2.415,75,,,,,,,,,,,,,,,,,,
369,"{Acer Aspire,Dell Desktop} => {HP Laptop}",0.011,0.468,2.41,109,,,,,,,,,,,,,,,,,,
226,"{ASUS 2 Monitor,iMac} => {Dell Desktop}",0.009,0.322,2.406,89,,,,,,,,,,,,,,,,,,
601,"{HP Laptop,iMac,ViewSonic Monitor} => {Lenovo Desktop Computer}",0.008,0.356,2.406,83,,,,,,,,,,,,,,,,,,
182,"{ASUS Chromebook,ViewSonic Monitor} => {HP Laptop}",0.008,0.465,2.396,80,,,,,,,,,,,,,,,,,,
377,"{Acer Aspire,iMac} => {Lenovo Desktop Computer}",0.011,0.354,2.393,107,,,,,,,,,,,,,,,,,,
307,"{Dell Desktop,HP Monitor} => {HP Laptop}",0.008,0.463,2.385,81,,,,,,,,,,,,,,,,,,
261,"{ASUS Monitor,iMac} => {Lenovo Desktop Computer}",0.01,0.353,2.384,96,,,,,,,,,,,,,,,,,,
338,"{Apple Magic Keyboard,iMac} => {Lenovo Desktop Computer}",0.011,0.352,2.379,112,,,,,,,,,,,,,,,,,,
207,"{iMac,LG Monitor} => {HP Laptop}",0.01,0.461,2.376,101,,,,,,,,,,,,,,,,,,
177,"{Epson Printer,iMac} => {Dell Desktop}",0.007,0.318,2.376,64,,,,,,,,,,,,,,,,,,
501,"{HP Laptop,ViewSonic Monitor} => {Dell Desktop}",0.015,0.318,2.371,150,,,,,,,,,,,,,,,,,,
454,"{Apple MacBook Air,HP Laptop} => {ViewSonic Monitor}",0.006,0.262,2.371,62,,,,,,,,,,,,,,,,,,
466,"{Acer Desktop,Dell Desktop} => {ViewSonic Monitor}",0.007,0.261,2.366,71,,,,,,,,,,,,,,,,,,
209,"{Acer Monitor,iMac} => {Dell Desktop}",0.007,0.317,2.364,64,,,,,,,,,,,,,,,,,,
548,"{iMac,Lenovo Desktop Computer} => {Dell Desktop}",0.019,0.317,2.363,183,,,,,,,,,,,,,,,,,,
333,"{Apple Magic Keyboard,CYBERPOWER Gamer Desktop} => {HP Laptop}",0.007,0.458,2.361,66,,,,,,,,,,,,,,,,,,
392,"{Samsung Monitor,ViewSonic Monitor} => {HP Laptop}",0.007,0.457,2.354,69,,,,,,,,,,,,,,,,,,
340,"{Apple Magic Keyboard,iMac} => {HP Laptop}",0.015,0.456,2.349,145,,,,,,,,,,,,,,,,,,
599,"{HP Laptop,Lenovo Desktop Computer,ViewSonic Monitor} => {iMac}",0.008,0.601,2.348,83,,,,,,,,,,,,,,,,,,
332,"{Apple Magic Keyboard,iMac} => {Dell Desktop}",0.01,0.314,2.347,100,,,,,,,,,,,,,,,,,,
290,"{Dell Desktop,Microsoft Office Home and Student 2016} => {iMac}",0.009,0.6,2.343,93,,,,,,,,,,,,,,,,,,
25,{Logitech MK270 Wireless Keyboard and Mouse Combo} => {Dell Desktop},0.007,0.314,2.34,69,,,,,,,,,,,,,,,,,,
493,"{Apple Earpods,HP Laptop} => {ViewSonic Monitor}",0.008,0.258,2.337,83,,,,,,,,,,,,,,,,,,
453,"{Apple MacBook Air,ViewSonic Monitor} => {HP Laptop}",0.006,0.453,2.332,62,,,,,,,,,,,,,,,,,,
395,"{iMac,Samsung Monitor} => {ViewSonic Monitor}",0.008,0.257,2.326,78,,,,,,,,,,,,,,,,,,
311,"{HP Monitor,Lenovo Desktop Computer} => {HP Laptop}",0.009,0.451,2.325,88,,,,,,,,,,,,,,,,,,
424,"{Apple MacBook Pro,ViewSonic Monitor} => {HP Laptop}",0.007,0.449,2.315,71,,,,,,,,,,,,,,,,,,
480,"{Acer Desktop,Dell Desktop} => {HP Laptop}",0.012,0.449,2.311,122,,,,,,,,,,,,,,,,,,
475,"{Acer Desktop,Apple Earpods} => {Dell Desktop}",0.006,0.31,2.311,61,,,,,,,,,,,,,,,,,,
230,"{ASUS 2 Monitor,Lenovo Desktop Computer} => {iMac}",0.011,0.591,2.308,107,,,,,,,,,,,,,,,,,,
393,"{HP Laptop,Samsung Monitor} => {ViewSonic Monitor}",0.007,0.255,2.308,69,,,,,,,,,,,,,,,,,,
286,"{Microsoft Office Home and Student 2016,ViewSonic Monitor} => {iMac}",0.009,0.591,2.306,88,,,,,,,,,,,,,,,,,,
2,{iPhone Charger Cable} => {Apple MacBook Air},0.007,0.358,2.303,67,,,,,,,,,,,,,,,,,,
547,"{Dell Desktop,iMac} => {Lenovo Desktop Computer}",0.019,0.341,2.302,183,,,,,,,,,,,,,,,,,,
603,"{Dell Desktop,HP Laptop,Lenovo Desktop Computer} => {iMac}",0.009,0.588,2.295,87,,,,,,,,,,,,,,,,,,
283,"{Acer Desktop,Microsoft Office Home and Student 2016} => {iMac}",0.007,0.588,2.295,67,,,,,,,,,,,,,,,,,,
176,"{Dell Desktop,Epson Printer} => {iMac}",0.007,0.587,2.292,64,,,,,,,,,,,,,,,,,,
448,"{Apple MacBook Pro,HP Laptop} => {Lenovo Desktop Computer}",0.008,0.339,2.288,83,,,,,,,,,,,,,,,,,,
438,"{Apple MacBook Pro,HP Laptop} => {Dell Desktop}",0.008,0.306,2.284,75,,,,,,,,,,,,,,,,,,
331,"{Apple Magic Keyboard,Dell Desktop} => {iMac}",0.01,0.585,2.283,100,,,,,,,,,,,,,,,,,,
489,"{Acer Desktop,iMac} => {Lenovo Desktop Computer}",0.012,0.338,2.283,121,,,,,,,,,,,,,,,,,,
191,"{ASUS Chromebook,iMac} => {HP Laptop}",0.009,0.443,2.282,93,,,,,,,,,,,,,,,,,,
262,"{ASUS Monitor,HP Laptop} => {iMac}",0.012,0.583,2.276,116,,,,,,,,,,,,,,,,,,
232,"{ASUS 2 Monitor,HP Laptop} => {iMac}",0.011,0.583,2.276,109,,,,,,,,,,,,,,,,,,
291,"{iMac,Microsoft Office Home and Student 2016} => {Dell Desktop}",0.009,0.305,2.275,93,,,,,,,,,,,,,,,,,,
420,"{Apple Earpods,Apple MacBook Air} => {Apple MacBook Pro}",0.008,0.251,2.27,74,,,,,,,,,,,,,,,,,,
89,{HP Wireless Mouse} => {ViewSonic Monitor},0.011,0.25,2.266,107,,,,,,,,,,,,,,,,,,
492,"{Apple Earpods,ViewSonic Monitor} => {HP Laptop}",0.008,0.439,2.262,83,,,,,,,,,,,,,,,,,,
317,"{Acer Aspire,Apple Magic Keyboard} => {iMac}",0.006,0.579,2.262,62,,,,,,,,,,,,,,,,,,
544,"{Dell Desktop,HP Laptop} => {Lenovo Desktop Computer}",0.015,0.335,2.262,148,,,,,,,,,,,,,,,,,,
54,{Panasonic In-Ear Headphone} => {Lenovo Desktop Computer},0.008,0.335,2.261,82,,,,,,,,,,,,,,,,,,
220,"{ASUS 2 Monitor,ViewSonic Monitor} => {iMac}",0.007,0.579,2.26,66,,,,,,,,,,,,,,,,,,
491,"{Acer Desktop,iMac} => {HP Laptop}",0.016,0.439,2.259,157,,,,,,,,,,,,,,,,,,
538,"{CYBERPOWER Gamer Desktop,Dell Desktop} => {Lenovo Desktop Computer}",0.01,0.334,2.259,100,,,,,,,,,,,,,,,,,,
567,"{Acer Aspire,Dell Desktop,HP Laptop} => {iMac}",0.006,0.578,2.257,63,,,,,,,,,,,,,,,,,,
379,"{Acer Aspire,iMac} => {HP Laptop}",0.013,0.437,2.252,132,,,,,,,,,,,,,,,,,,
83,{Intel Desktop} => {Lenovo Desktop Computer},0.013,0.333,2.252,130,,,,,,,,,,,,,,,,,,
227,"{ASUS 2 Monitor,CYBERPOWER Gamer Desktop} => {iMac}",0.007,0.577,2.251,64,,,,,,,,,,,,,,,,,,
563,"{Acer Aspire,HP Laptop,ViewSonic Monitor} => {iMac}",0.006,0.575,2.247,61,,,,,,,,,,,,,,,,,,
413,"{HP Laptop,Samsung Monitor} => {Lenovo Desktop Computer}",0.009,0.332,2.243,90,,,,,,,,,,,,,,,,,,
344,"{3-Button Mouse,HP Laptop} => {Dell Desktop}",0.007,0.3,2.242,67,,,,,,,,,,,,,,,,,,
150,{ViewSonic Monitor} => {HP Laptop},0.048,0.435,2.241,472,,,,,,,,,,,,,,,,,,
591,"{Dell Desktop,HP Laptop,ViewSonic Monitor} => {iMac}",0.009,0.573,2.238,86,,,,,,,,,,,,,,,,,,
478,"{Acer Desktop,Dell Desktop} => {Lenovo Desktop Computer}",0.009,0.331,2.235,90,,,,,,,,,,,,,,,,,,
504,"{iMac,ViewSonic Monitor} => {Dell Desktop}",0.015,0.298,2.226,145,,,,,,,,,,,,,,,,,,
218,"{Apple Magic Keyboard,ASUS 2 Monitor} => {iMac}",0.006,0.569,2.221,62,,,,,,,,,,,,,,,,,,
486,"{Acer Desktop,Lenovo Desktop Computer} => {HP Laptop}",0.01,0.43,2.214,98,,,,,,,,,,,,,,,,,,
360,"{Acer Aspire,Acer Desktop} => {HP Laptop}",0.007,0.429,2.213,67,,,,,,,,,,,,,,,,,,
93,{Computer Game} => {HP Laptop},0.018,0.429,2.208,177,,,,,,,,,,,,,,,,,,
524,"{Apple Earpods,Lenovo Desktop Computer} => {Dell Desktop}",0.008,0.295,2.204,83,,,,,,,,,,,,,,,,,,
526,"{Apple Earpods,HP Laptop} => {Dell Desktop}",0.01,0.295,2.202,95,,,,,,,,,,,,,,,,,,
551,"{HP Laptop,iMac} => {Dell Desktop}",0.022,0.295,2.199,219,,,,,,,,,,,,,,,,,,
263,"{ASUS Monitor,iMac} => {HP Laptop}",0.012,0.426,2.197,116,,,,,,,,,,,,,,,,,,
161,"{Eluktronics Pro Gaming Laptop,iMac} => {HP Laptop}",0.007,0.426,2.194,66,,,,,,,,,,,,,,,,,,
63,{Dell 2 Desktop} => {Lenovo Desktop Computer},0.011,0.324,2.19,106,,,,,,,,,,,,,,,,,,
43,{Alienware Laptop} => {Lenovo Desktop Computer},0.009,0.324,2.186,89,,,,,,,,,,,,,,,,,,
440,"{Apple MacBook Pro,iMac} => {Dell Desktop}",0.01,0.292,2.179,99,,,,,,,,,,,,,,,,,,
412,"{Lenovo Desktop Computer,Samsung Monitor} => {HP Laptop}",0.009,0.423,2.177,90,,,,,,,,,,,,,,,,,,
310,"{HP Monitor,iMac} => {Dell Desktop}",0.008,0.292,2.176,77,,,,,,,,,,,,,,,,,,
516,"{Lenovo Desktop Computer,ViewSonic Monitor} => {iMac}",0.016,0.556,2.169,155,,,,,,,,,,,,,,,,,,
503,"{Dell Desktop,ViewSonic Monitor} => {iMac}",0.015,0.556,2.169,145,,,,,,,,,,,,,,,,,,
269,"{Backlit LED Gaming Keyboard,HP Laptop} => {Lenovo Desktop Computer}",0.006,0.321,2.169,61,,,,,,,,,,,,,,,,,,
288,"{Dell Desktop,Microsoft Office Home and Student 2016} => {HP Laptop}",0.007,0.419,2.16,65,,,,,,,,,,,,,,,,,,
406,"{iMac,Samsung Monitor} => {Dell Desktop}",0.009,0.289,2.16,88,,,,,,,,,,,,,,,,,,
110,{ASUS 2 Monitor} => {Lenovo Desktop Computer},0.018,0.319,2.156,181,,,,,,,,,,,,,,,,,,
487,"{Acer Desktop,HP Laptop} => {Lenovo Desktop Computer}",0.01,0.319,2.156,98,,,,,,,,,,,,,,,,,,
299,"{HP Laptop,Microsoft Office Home and Student 2016} => {iMac}",0.013,0.552,2.156,127,,,,,,,,,,,,,,,,,,
415,"{iMac,Samsung Monitor} => {Lenovo Desktop Computer}",0.01,0.319,2.155,97,,,,,,,,,,,,,,,,,,
517,"{iMac,ViewSonic Monitor} => {Lenovo Desktop Computer}",0.016,0.319,2.154,155,,,,,,,,,,,,,,,,,,
303,"{HP Monitor,ViewSonic Monitor} => {iMac}",0.007,0.551,2.151,65,,,,,,,,,,,,,,,,,,
195,"{iMac,iPad Pro} => {Lenovo Desktop Computer}",0.006,0.318,2.148,62,,,,,,,,,,,,,,,,,,
20,{Koss Home Headphones} => {HP Laptop},0.007,0.417,2.147,70,,,,,,,,,,,,,,,,,,
325,"{Apple Magic Keyboard,ViewSonic Monitor} => {iMac}",0.01,0.55,2.146,94,,,,,,,,,,,,,,,,,,
204,"{CYBERPOWER Gamer Desktop,LG Monitor} => {iMac}",0.006,0.55,2.146,61,,,,,,,,,,,,,,,,,,
300,"{iMac,Microsoft Office Home and Student 2016} => {HP Laptop}",0.013,0.416,2.145,127,,,,,,,,,,,,,,,,,,
575,"{Acer Desktop,Dell Desktop,HP Laptop} => {iMac}",0.007,0.549,2.144,67,,,,,,,,,,,,,,,,,,
396,"{Apple Earpods,Samsung Monitor} => {CYBERPOWER Gamer Desktop}",0.01,0.394,2.143,95,,,,,,,,,,,,,,,,,,
403,"{Dell Desktop,Samsung Monitor} => {HP Laptop}",0.007,0.416,2.141,69,,,,,,,,,,,,,,,,,,
211,"{Acer Monitor,iMac} => {Lenovo Desktop Computer}",0.007,0.317,2.14,64,,,,,,,,,,,,,,,,,,
256,"{ASUS Monitor,iMac} => {Dell Desktop}",0.008,0.287,2.14,78,,,,,,,,,,,,,,,,,,
259,"{ASUS Monitor,HP Laptop} => {Lenovo Desktop Computer}",0.006,0.317,2.138,63,,,,,,,,,,,,,,,,,,
136,{Acer Aspire} => {Dell Desktop},0.024,0.286,2.136,233,,,,,,,,,,,,,,,,,,
258,"{ASUS Monitor,Lenovo Desktop Computer} => {HP Laptop}",0.006,0.414,2.135,63,,,,,,,,,,,,,,,,,,
14,{Smart Light Bulb} => {HP Laptop},0.007,0.414,2.132,72,,,,,,,,,,,,,,,,,,
180,"{Epson Printer,HP Laptop} => {iMac}",0.01,0.545,2.13,96,,,,,,,,,,,,,,,,,,
243,"{Belkin Mouse Pad,HP Laptop} => {Lenovo Desktop Computer}",0.006,0.314,2.124,61,,,,,,,,,,,,,,,,,,
473,"{Acer Desktop,ViewSonic Monitor} => {iMac}",0.01,0.544,2.124,99,,,,,,,,,,,,,,,,,,
242,"{Belkin Mouse Pad,Lenovo Desktop Computer} => {HP Laptop}",0.006,0.412,2.123,61,,,,,,,,,,,,,,,,,,
496,"{CYBERPOWER Gamer Desktop,ViewSonic Monitor} => {Dell Desktop}",0.007,0.285,2.123,68,,,,,,,,,,,,,,,,,,
506,"{CYBERPOWER Gamer Desktop,ViewSonic Monitor} => {Lenovo Desktop Computer}",0.008,0.314,2.12,75,,,,,,,,,,,,,,,,,,
90,{HP Wireless Mouse} => {HP Laptop},0.018,0.411,2.119,176,,,,,,,,,,,,,,,,,,
210,"{Acer Monitor,Lenovo Desktop Computer} => {iMac}",0.007,0.542,2.118,64,,,,,,,,,,,,,,,,,,
367,"{Acer Aspire,Dell Desktop} => {Lenovo Desktop Computer}",0.007,0.313,2.116,73,,,,,,,,,,,,,,,,,,
203,"{iMac,LG Monitor} => {Dell Desktop}",0.006,0.283,2.113,62,,,,,,,,,,,,,,,,,,
543,"{Dell Desktop,Lenovo Desktop Computer} => {HP Laptop}",0.015,0.41,2.112,148,,,,,,,,,,,,,,,,,,
289,"{HP Laptop,Microsoft Office Home and Student 2016} => {Dell Desktop}",0.007,0.283,2.109,65,,,,,,,,,,,,,,,,,,
540,"{CYBERPOWER Gamer Desktop,Lenovo Desktop Computer} => {Dell Desktop}",0.01,0.282,2.108,100,,,,,,,,,,,,,,,,,,
162,"{Intel Desktop,Lenovo Desktop Computer} => {iMac}",0.007,0.538,2.102,70,,,,,,,,,,,,,,,,,,
550,"{Dell Desktop,iMac} => {HP Laptop}",0.022,0.408,2.101,219,,,,,,,,,,,,,,,,,,
240,"{Belkin Mouse Pad,CYBERPOWER Gamer Desktop} => {iMac}",0.008,0.538,2.1,78,,,,,,,,,,,,,,,,,,
523,"{Apple Earpods,Dell Desktop} => {Lenovo Desktop Computer}",0.008,0.311,2.1,83,,,,,,,,,,,,,,,,,,
208,"{Acer Monitor,Dell Desktop} => {iMac}",0.007,0.538,2.1,64,,,,,,,,,,,,,,,,,,
165,"{iMac,Intel Desktop} => {HP Laptop}",0.007,0.407,2.099,66,,,,,,,,,,,,,,,,,,
380,"{Microsoft Wireless Desktop Keyboard and Mouse,Samsung Monitor} => {CYBERPOWER Gamer Desktop}",0.006,0.385,2.091,60,,,,,,,,,,,,,,,,,,
334,"{Apple Magic Keyboard,CYBERPOWER Gamer Desktop} => {iMac}",0.008,0.535,2.088,77,,,,,,,,,,,,,,,,,,
72,{Eluktronics Pro Gaming Laptop} => {HP Laptop},0.014,0.405,2.084,142,,,,,,,,,,,,,,,,,,
26,{Logitech MK270 Wireless Keyboard and Mouse Combo} => {HP Laptop},0.009,0.405,2.084,89,,,,,,,,,,,,,,,,,,
179,"{Epson Printer,iMac} => {Lenovo Desktop Computer}",0.006,0.308,2.084,62,,,,,,,,,,,,,,,,,,
297,"{Lenovo Desktop Computer,Microsoft Office Home and Student 2016} => {iMac}",0.009,0.533,2.082,88,,,,,,,,,,,,,,,,,,
131,{Apple Magic Keyboard} => {Lenovo Desktop Computer},0.022,0.308,2.079,217,,,,,,,,,,,,,,,,,,
132,{Apple Magic Keyboard} => {HP Laptop},0.029,0.403,2.075,284,,,,,,,,,,,,,,,,,,
528,"{Apple Earpods,iMac} => {Dell Desktop}",0.011,0.278,2.073,110,,,,,,,,,,,,,,,,,,
488,"{Acer Desktop,Lenovo Desktop Computer} => {iMac}",0.012,0.531,2.072,121,,,,,,,,,,,,,,,,,,
405,"{Dell Desktop,Samsung Monitor} => {iMac}",0.009,0.53,2.07,88,,,,,,,,,,,,,,,,,,
562,"{HP Laptop,iMac} => {Lenovo Desktop Computer}",0.023,0.306,2.064,227,,,,,,,,,,,,,,,,,,
511,"{CYBERPOWER Gamer Desktop,ViewSonic Monitor} => {iMac}",0.013,0.527,2.058,126,,,,,,,,,,,,,,,,,,
174,"{Epson Printer,ViewSonic Monitor} => {iMac}",0.006,0.526,2.053,61,,,,,,,,,,,,,,,,,,
192,"{Dell Desktop,iPad Pro} => {iMac}",0.007,0.524,2.047,65,,,,,,,,,,,,,,,,,,
15,{Smart Light Bulb} => {iMac},0.009,0.523,2.042,91,,,,,,,,,,,,,,,,,,
365,"{Acer Aspire,ViewSonic Monitor} => {iMac}",0.009,0.523,2.041,92,,,,,,,,,,,,,,,,,,
276,"{Dell Laptop,iMac} => {Dell Desktop}",0.007,0.273,2.041,67,,,,,,,,,,,,,,,,,,
233,"{ASUS 2 Monitor,iMac} => {HP Laptop}",0.011,0.395,2.035,109,,,,,,,,,,,,,,,,,,
215,"{Apple Wireless Keyboard,iMac} => {Lenovo Desktop Computer}",0.006,0.301,2.033,62,,,,,,,,,,,,,,,,,,
316,"{HP Monitor,iMac} => {HP Laptop}",0.011,0.394,2.03,104,,,,,,,,,,,,,,,,,,
295,"{Lenovo Desktop Computer,Microsoft Office Home and Student 2016} => {HP Laptop}",0.007,0.394,2.03,65,,,,,,,,,,,,,,,,,,
353,"{3-Button Mouse,Lenovo Desktop Computer} => {iMac}",0.009,0.52,2.029,93,,,,,,,,,,,,,,,,,,
146,{Acer Desktop} => {Dell Desktop},0.028,0.271,2.026,272,,,,,,,,,,,,,,,,,,
561,"{iMac,Lenovo Desktop Computer} => {HP Laptop}",0.023,0.393,2.023,227,,,,,,,,,,,,,,,,,,
28,{Redragon Gaming Mouse} => {Dell Desktop},0.006,0.271,2.02,62,,,,,,,,,,,,,,,,,,
394,"{Samsung Monitor,ViewSonic Monitor} => {iMac}",0.008,0.517,2.017,78,,,,,,,,,,,,,,,,,,
235,"{iMac,Logitech 3-button Mouse} => {Dell Desktop}",0.007,0.27,2.016,67,,,,,,,,,,,,,,,,,,
337,"{Apple Magic Keyboard,Lenovo Desktop Computer} => {iMac}",0.011,0.516,2.015,112,,,,,,,,,,,,,,,,,,
245,"{Belkin Mouse Pad,iMac} => {Lenovo Desktop Computer}",0.007,0.298,2.015,71,,,,,,,,,,,,,,,,,,
441,"{Apple MacBook Pro,CYBERPOWER Gamer Desktop} => {Lenovo Desktop Computer}",0.007,0.298,2.015,71,,,,,,,,,,,,,,,,,,
280,"{Dell Laptop,iMac} => {Lenovo Desktop Computer}",0.007,0.298,2.013,73,,,,,,,,,,,,,,,,,,
33,{Otium Wireless Sports Bluetooth Headphone} => {HP Laptop},0.01,0.39,2.008,99,,,,,,,,,,,,,,,,,,
279,"{Dell Laptop,Lenovo Desktop Computer} => {iMac}",0.007,0.514,2.007,73,,,,,,,,,,,,,,,,,,
188,"{ASUS Chromebook,Lenovo Desktop Computer} => {iMac}",0.006,0.513,2.001,61,,,,,,,,,,,,,,,,,,
234,"{Dell Desktop,Logitech 3-button Mouse} => {iMac}",0.007,0.511,1.997,67,,,,,,,,,,,,,,,,,,
275,"{Dell Desktop,Dell Laptop} => {iMac}",0.007,0.511,1.997,67,,,,,,,,,,,,,,,,,,
490,"{Acer Desktop,HP Laptop} => {iMac}",0.016,0.511,1.997,157,,,,,,,,,,,,,,,,,,
343,"{3-Button Mouse,Dell Desktop} => {HP Laptop}",0.007,0.387,1.995,67,,,,,,,,,,,,,,,,,,
339,"{Apple Magic Keyboard,HP Laptop} => {iMac}",0.015,0.511,1.993,145,,,,,,,,,,,,,,,,,,
40,{Logitech MK550 Wireless Wave Keyboard and Mouse Combo} => {HP Laptop},0.009,0.386,1.988,93,,,,,,,,,,,,,,,,,,
292,"{CYBERPOWER Gamer Desktop,Microsoft Office Home and Student 2016} => {HP Laptop}",0.006,0.385,1.984,62,,,,,,,,,,,,,,,,,,
346,"{3-Button Mouse,iMac} => {Dell Desktop}",0.009,0.265,1.979,87,,,,,,,,,,,,,,,,,,
546,"{Dell Desktop,Lenovo Desktop Computer} => {iMac}",0.019,0.507,1.979,183,,,,,,,,,,,,,,,,,,
514,"{HP Laptop,ViewSonic Monitor} => {Lenovo Desktop Computer}",0.014,0.292,1.975,138,,,,,,,,,,,,,,,,,,
247,"{Belkin Mouse Pad,iMac} => {HP Laptop}",0.009,0.382,1.97,91,,,,,,,,,,,,,,,,,,
352,"{3-Button Mouse,HP Laptop} => {Lenovo Desktop Computer}",0.007,0.291,1.969,65,,,,,,,,,,,,,,,,,,
214,"{Apple Wireless Keyboard,Lenovo Desktop Computer} => {iMac}",0.006,0.504,1.968,62,,,,,,,,,,,,,,,,,,
268,"{Backlit LED Gaming Keyboard,Lenovo Desktop Computer} => {HP Laptop}",0.006,0.381,1.964,61,,,,,,,,,,,,,,,,,,
345,"{3-Button Mouse,Dell Desktop} => {iMac}",0.009,0.503,1.963,87,,,,,,,,,,,,,,,,,,
189,"{ASUS Chromebook,iMac} => {Lenovo Desktop Computer}",0.006,0.29,1.962,61,,,,,,,,,,,,,,,,,,
315,"{HP Laptop,HP Monitor} => {iMac}",0.011,0.502,1.962,104,,,,,,,,,,,,,,,,,,
237,"{iMac,Logitech 3-button Mouse} => {Lenovo Desktop Computer}",0.007,0.29,1.961,72,,,,,,,,,,,,,,,,,,
66,{Brother Printer} => {Dell Desktop},0.009,0.262,1.958,85,,,,,,,,,,,,,,,,,,
46,{HDMI Cable 6ft} => {Dell Desktop},0.007,0.262,1.953,67,,,,,,,,,,,,,,,,,,
560,"{HP Laptop,Lenovo Desktop Computer} => {iMac}",0.023,0.5,1.952,227,,,,,,,,,,,,,,,,,,
238,"{HP Laptop,Logitech 3-button Mouse} => {iMac}",0.009,0.5,1.952,92,,,,,,,,,,,,,,,,,,
200,"{LG Monitor,ViewSonic Monitor} => {iMac}",0.007,0.5,1.952,68,,,,,,,,,,,,,,,,,,
186,"{ASUS Chromebook,CYBERPOWER Gamer Desktop} => {iMac}",0.007,0.5,1.952,67,,,,,,,,,,,,,,,,,,
298,"{iMac,Microsoft Office Home and Student 2016} => {Lenovo Desktop Computer}",0.009,0.289,1.949,88,,,,,,,,,,,,,,,,,,
121,{ASUS Monitor} => {iMac},0.028,0.499,1.949,272,,,,,,,,,,,,,,,,,,
100,{ASUS Chromebook} => {HP Laptop},0.02,0.378,1.947,195,,,,,,,,,,,,,,,,,,
86,{AOC Monitor} => {Dell Desktop},0.011,0.261,1.947,108,,,,,,,,,,,,,,,,,,
434,"{Apple MacBook Pro,CYBERPOWER Gamer Desktop} => {Dell Desktop}",0.006,0.261,1.944,62,,,,,,,,,,,,,,,,,,
202,"{Dell Desktop,LG Monitor} => {iMac}",0.006,0.496,1.937,62,,,,,,,,,,,,,,,,,,
104,{LG Monitor} => {HP Laptop},0.022,0.376,1.935,213,,,,,,,,,,,,,,,,,,
549,"{Dell Desktop,HP Laptop} => {iMac}",0.022,0.495,1.934,219,,,,,,,,,,,,,,,,,,
450,"{Apple MacBook Pro,iMac} => {Lenovo Desktop Computer}",0.01,0.286,1.933,97,,,,,,,,,,,,,,,,,,
519,"{HP Laptop,ViewSonic Monitor} => {iMac}",0.024,0.494,1.927,233,,,,,,,,,,,,,,,,,,
313,"{HP Monitor,Lenovo Desktop Computer} => {iMac}",0.01,0.492,1.922,96,,,,,,,,,,,,,,,,,,
178,"{Epson Printer,Lenovo Desktop Computer} => {iMac}",0.006,0.492,1.921,62,,,,,,,,,,,,,,,,,,
194,"{iPad Pro,Lenovo Desktop Computer} => {iMac}",0.006,0.492,1.921,62,,,,,,,,,,,,,,,,,,
52,{Panasonic In-Ear Headphone} => {Dell Desktop},0.006,0.257,1.919,63,,,,,,,,,,,,,,,,,,
96,{Epson Printer} => {HP Laptop},0.018,0.372,1.917,176,,,,,,,,,,,,,,,,,,
354,"{3-Button Mouse,iMac} => {Lenovo Desktop Computer}",0.009,0.284,1.915,93,,,,,,,,,,,,,,,,,,
213,"{Acer Monitor,iMac} => {HP Laptop}",0.008,0.371,1.913,75,,,,,,,,,,,,,,,,,,
556,"{CYBERPOWER Gamer Desktop,iMac} => {Lenovo Desktop Computer}",0.016,0.283,1.913,158,,,,,,,,,,,,,,,,,,
239,"{iMac,Logitech 3-button Mouse} => {HP Laptop}",0.009,0.371,1.911,92,,,,,,,,,,,,,,,,,,
44,{Alienware Laptop} => {HP Laptop},0.01,0.371,1.911,102,,,,,,,,,,,,,,,,,,
296,"{HP Laptop,Microsoft Office Home and Student 2016} => {Lenovo Desktop Computer}",0.007,0.283,1.909,65,,,,,,,,,,,,,,,,,,
228,"{ASUS 2 Monitor,Lenovo Desktop Computer} => {HP Laptop}",0.007,0.37,1.907,67,,,,,,,,,,,,,,,,,,
553,"{CYBERPOWER Gamer Desktop,HP Laptop} => {Lenovo Desktop Computer}",0.012,0.282,1.902,118,,,,,,,,,,,,,,,,,,
112,{ASUS 2 Monitor} => {iMac},0.028,0.487,1.901,276,,,,,,,,,,,,,,,,,,
216,"{Apple Wireless Keyboard,HP Laptop} => {iMac}",0.007,0.487,1.9,73,,,,,,,,,,,,,,,,,,
404,"{HP Laptop,Samsung Monitor} => {Dell Desktop}",0.007,0.255,1.9,69,,,,,,,,,,,,,,,,,,
18,{Rii LED Gaming Keyboard & Mouse Combo} => {iMac},0.008,0.485,1.895,83,,,,,,,,,,,,,,,,,,
164,"{HP Laptop,Intel Desktop} => {iMac}",0.007,0.485,1.895,66,,,,,,,,,,,,,,,,,,
376,"{Acer Aspire,Lenovo Desktop Computer} => {iMac}",0.011,0.484,1.89,107,,,,,,,,,,,,,,,,,,
29,{Redragon Gaming Mouse} => {Lenovo Desktop Computer},0.007,0.279,1.888,64,,,,,,,,,,,,,,,,,,
79,{HP Wireless Printer} => {Lenovo Desktop Computer},0.01,0.279,1.888,102,,,,,,,,,,,,,,,,,,
418,"{Apple MacBook Air,Apple MacBook Pro} => {Apple Earpods}",0.008,0.329,1.886,74,,,,,,,,,,,,,,,,,,
119,{ASUS Monitor} => {Lenovo Desktop Computer},0.015,0.279,1.884,152,,,,,,,,,,,,,,,,,,
196,"{HP Laptop,iPad Pro} => {iMac}",0.007,0.483,1.884,69,,,,,,,,,,,,,,,,,,
120,{ASUS Monitor} => {HP Laptop},0.02,0.365,1.881,199,,,,,,,,,,,,,,,,,,
6,{HP Black & Tri-color Ink} => {iMac},0.008,0.481,1.879,77,,,,,,,,,,,,,,,,,,
39,{Logitech MK550 Wireless Wave Keyboard and Mouse Combo} => {Lenovo Desktop Computer},0.007,0.278,1.878,67,,,,,,,,,,,,,,,,,,
170,"{Computer Game,HP Laptop} => {iMac}",0.009,0.48,1.875,85,,,,,,,,,,,,,,,,,,
11,{Microsoft Basic Optical Mouse} => {HP Laptop},0.007,0.364,1.873,64,,,,,,,,,,,,,,,,,,
244,"{Belkin Mouse Pad,Lenovo Desktop Computer} => {iMac}",0.007,0.48,1.873,71,,,,,,,,,,,,,,,,,,
55,{Panasonic In-Ear Headphone} => {HP Laptop},0.009,0.363,1.872,89,,,,,,,,,,,,,,,,,,
351,"{3-Button Mouse,Lenovo Desktop Computer} => {HP Laptop}",0.007,0.363,1.871,65,,,,,,,,,,,,,,,,,,
17,{Rii LED Gaming Keyboard & Mouse Combo} => {HP Laptop},0.006,0.363,1.868,62,,,,,,,,,,,,,,,,,,
375,"{Acer Aspire,HP Laptop} => {Lenovo Desktop Computer}",0.008,0.276,1.866,79,,,,,,,,,,,,,,,,,,
190,"{ASUS Chromebook,HP Laptop} => {iMac}",0.009,0.477,1.862,93,,,,,,,,,,,,,,,,,,
464,"{Apple MacBook Air,iMac} => {HP Laptop}",0.01,0.361,1.858,101,,,,,,,,,,,,,,,,,,
128,{HP Monitor} => {Lenovo Desktop Computer},0.02,0.274,1.853,195,,,,,,,,,,,,,,,,,,
385,"{CYBERPOWER Gamer Desktop,Microsoft Wireless Desktop Keyboard and Mouse} => {Apple Earpods}",0.006,0.323,1.852,62,,,,,,,,,,,,,,,,,,
206,"{HP Laptop,LG Monitor} => {iMac}",0.01,0.474,1.851,101,,,,,,,,,,,,,,,,,,
152,{Dell Desktop} => {Lenovo Desktop Computer},0.037,0.274,1.85,361,,,,,,,,,,,,,,,,,,
236,"{Lenovo Desktop Computer,Logitech 3-button Mouse} => {iMac}",0.007,0.474,1.849,72,,,,,,,,,,,,,,,,,,
391,"{Acer Desktop,Samsung Monitor} => {iMac}",0.006,0.472,1.845,60,,,,,,,,,,,,,,,,,,
374,"{Acer Aspire,Lenovo Desktop Computer} => {HP Laptop}",0.008,0.357,1.842,79,,,,,,,,,,,,,,,,,,
166,"{HP Laptop,HP Wireless Mouse} => {iMac}",0.008,0.472,1.841,83,,,,,,,,,,,,,,,,,,
461,"{Apple MacBook Air,Lenovo Desktop Computer} => {iMac}",0.008,0.471,1.84,74,,,,,,,,,,,,,,,,,,
137,{Acer Aspire} => {Lenovo Desktop Computer},0.022,0.271,1.834,221,,,,,,,,,,,,,,,,,,
525,"{Apple Earpods,Dell Desktop} => {HP Laptop}",0.01,0.356,1.833,95,,,,,,,,,,,,,,,,,,
246,"{Belkin Mouse Pad,HP Laptop} => {iMac}",0.009,0.469,1.831,91,,,,,,,,,,,,,,,,,,
371,"{Acer Aspire,Dell Desktop} => {iMac}",0.011,0.468,1.826,109,,,,,,,,,,,,,,,,,,
217,"{Apple Wireless Keyboard,iMac} => {HP Laptop}",0.007,0.354,1.826,73,,,,,,,,,,,,,,,,,,
197,"{iMac,iPad Pro} => {HP Laptop}",0.007,0.354,1.823,69,,,,,,,,,,,,,,,,,,
430,"{Apple MacBook Pro,Lenovo Desktop Computer} => {Apple Earpods}",0.008,0.318,1.822,75,,,,,,,,,,,,,,,,,,
355,"{3-Button Mouse,HP Laptop} => {iMac}",0.011,0.466,1.821,104,,,,,,,,,,,,,,,,,,
126,{Microsoft Office Home and Student 2016} => {iMac},0.031,0.466,1.821,305,,,,,,,,,,,,,,,,,,
48,{HDMI Cable 6ft} => {Lenovo Desktop Computer},0.007,0.27,1.821,69,,,,,,,,,,,,,,,,,,
184,"{ASUS Chromebook,ViewSonic Monitor} => {iMac}",0.008,0.465,1.816,80,,,,,,,,,,,,,,,,,,
160,"{Eluktronics Pro Gaming Laptop,HP Laptop} => {iMac}",0.007,0.465,1.815,66,,,,,,,,,,,,,,,,,,
447,"{Apple MacBook Pro,Lenovo Desktop Computer} => {HP Laptop}",0.008,0.352,1.812,83,,,,,,,,,,,,,,,,,,
125,{Microsoft Office Home and Student 2016} => {HP Laptop},0.023,0.352,1.812,230,,,,,,,,,,,,,,,,,,
49,{HDMI Cable 6ft} => {HP Laptop},0.009,0.352,1.811,90,,,,,,,,,,,,,,,,,,
138,{Acer Aspire} => {HP Laptop},0.029,0.351,1.81,286,,,,,,,,,,,,,,,,,,
535,"{Apple Earpods,iMac} => {Lenovo Desktop Computer}",0.011,0.268,1.808,106,,,,,,,,,,,,,,,,,,
212,"{Acer Monitor,HP Laptop} => {iMac}",0.008,0.463,1.808,75,,,,,,,,,,,,,,,,,,
533,"{Apple Earpods,HP Laptop} => {Lenovo Desktop Computer}",0.009,0.267,1.804,86,,,,,,,,,,,,,,,,,,
426,"{Apple MacBook Pro,ViewSonic Monitor} => {iMac}",0.007,0.462,1.804,73,,,,,,,,,,,,,,,,,,
378,"{Acer Aspire,HP Laptop} => {iMac}",0.013,0.462,1.802,132,,,,,,,,,,,,,,,,,,
95,{Epson Printer} => {Lenovo Desktop Computer},0.013,0.266,1.799,126,,,,,,,,,,,,,,,,,,
84,{Intel Desktop} => {HP Laptop},0.014,0.349,1.797,136,,,,,,,,,,,,,,,,,,
537,"{Apple Earpods,iMac} => {HP Laptop}",0.014,0.348,1.795,138,,,,,,,,,,,,,,,,,,
397,"{CYBERPOWER Gamer Desktop,Samsung Monitor} => {Apple Earpods}",0.01,0.311,1.786,95,,,,,,,,,,,,,,,,,,
462,"{Apple MacBook Air,iMac} => {Lenovo Desktop Computer}",0.008,0.264,1.785,74,,,,,,,,,,,,,,,,,,
241,"{Belkin Mouse Pad,iMac} => {CYBERPOWER Gamer Desktop}",0.008,0.328,1.782,78,,,,,,,,,,,,,,,,,,
414,"{Lenovo Desktop Computer,Samsung Monitor} => {iMac}",0.01,0.455,1.778,97,,,,,,,,,,,,,,,,,,
429,"{Apple Earpods,Apple MacBook Pro} => {Lenovo Desktop Computer}",0.008,0.263,1.778,75,,,,,,,,,,,,,,,,,,
439,"{Apple MacBook Pro,Dell Desktop} => {iMac}",0.01,0.454,1.773,99,,,,,,,,,,,,,,,,,,
437,"{Apple MacBook Pro,Dell Desktop} => {HP Laptop}",0.008,0.344,1.772,75,,,,,,,,,,,,,,,,,,
106,{Acer Monitor} => {CYBERPOWER Gamer Desktop},0.019,0.326,1.772,189,,,,,,,,,,,,,,,,,,
409,"{HP Laptop,Samsung Monitor} => {CYBERPOWER Gamer Desktop}",0.009,0.325,1.765,88,,,,,,,,,,,,,,,,,,
417,"{iMac,Samsung Monitor} => {HP Laptop}",0.011,0.342,1.762,104,,,,,,,,,,,,,,,,,,
141,{Samsung Monitor} => {CYBERPOWER Gamer Desktop},0.031,0.324,1.762,305,,,,,,,,,,,,,,,,,,
133,{Apple Magic Keyboard} => {iMac},0.032,0.451,1.761,318,,,,,,,,,,,,,,,,,,
542,"{CYBERPOWER Gamer Desktop,Dell Desktop} => {iMac}",0.014,0.448,1.75,134,,,,,,,,,,,,,,,,,,
151,{ViewSonic Monitor} => {iMac},0.049,0.448,1.749,486,,,,,,,,,,,,,,,,,,
555,"{CYBERPOWER Gamer Desktop,Lenovo Desktop Computer} => {iMac}",0.016,0.446,1.743,158,,,,,,,,,,,,,,,,,,
57,{Etekcity Power Extension Cord Cable} => {HP Laptop},0.01,0.338,1.74,102,,,,,,,,,,,,,,,,,,
149,{ViewSonic Monitor} => {Lenovo Desktop Computer},0.028,0.257,1.737,279,,,,,,,,,,,,,,,,,,
427,"{Apple MacBook Pro,Dell Desktop} => {Apple Earpods}",0.007,0.303,1.736,66,,,,,,,,,,,,,,,,,,
116,{Belkin Mouse Pad} => {Lenovo Desktop Computer},0.015,0.257,1.736,148,,,,,,,,,,,,,,,,,,
117,{Belkin Mouse Pad} => {HP Laptop},0.02,0.337,1.735,194,,,,,,,,,,,,,,,,,,
187,"{ASUS Chromebook,iMac} => {CYBERPOWER Gamer Desktop}",0.007,0.319,1.735,67,,,,,,,,,,,,,,,,,,
153,{Dell Desktop} => {HP Laptop},0.045,0.335,1.728,442,,,,,,,,,,,,,,,,,,
73,{Eluktronics Pro Gaming Laptop} => {iMac},0.016,0.442,1.724,155,,,,,,,,,,,,,,,,,,
50,{HDMI Cable 6ft} => {iMac},0.011,0.441,1.723,113,,,,,,,,,,,,,,,,,,
451,"{Apple MacBook Pro,HP Laptop} => {iMac}",0.011,0.441,1.721,108,,,,,,,,,,,,,,,,,,
21,{Koss Home Headphones} => {iMac},0.008,0.44,1.72,74,,,,,,,,,,,,,,,,,,
309,"{Dell Desktop,HP Monitor} => {iMac}",0.008,0.44,1.718,77,,,,,,,,,,,,,,,,,,
552,"{CYBERPOWER Gamer Desktop,Lenovo Desktop Computer} => {HP Laptop}",0.012,0.333,1.717,118,,,,,,,,,,,,,,,,,,
23,{Zombie Gaming Headset} => {HP Laptop},0.007,0.332,1.709,73,,,,,,,,,,,,,,,,,,
272,"{Backlit LED Gaming Keyboard,HP Laptop} => {iMac}",0.008,0.437,1.706,83,,,,,,,,,,,,,,,,,,
124,{Microsoft Office Home and Student 2016} => {Lenovo Desktop Computer},0.017,0.252,1.704,165,,,,,,,,,,,,,,,,,,
24,{Zombie Gaming Headset} => {iMac},0.01,0.436,1.704,96,,,,,,,,,,,,,,,,,,
529,"{Apple Earpods,Lenovo Desktop Computer} => {CYBERPOWER Gamer Desktop}",0.009,0.313,1.703,88,,,,,,,,,,,,,,,,,,
111,{ASUS 2 Monitor} => {HP Laptop},0.019,0.33,1.699,187,,,,,,,,,,,,,,,,,,
271,"{Backlit LED Gaming Keyboard,iMac} => {Lenovo Desktop Computer}",0.007,0.251,1.695,68,,,,,,,,,,,,,,,,,,
56,{Panasonic In-Ear Headphone} => {iMac},0.011,0.433,1.689,106,,,,,,,,,,,,,,,,,,
373,"{Acer Aspire,CYBERPOWER Gamer Desktop} => {iMac}",0.007,0.43,1.68,71,,,,,,,,,,,,,,,,,,
87,{AOC Monitor} => {HP Laptop},0.014,0.326,1.68,135,,,,,,,,,,,,,,,,,,
483,"{Acer Desktop,Dell Desktop} => {iMac}",0.012,0.43,1.679,117,,,,,,,,,,,,,,,,,,
536,"{Apple Earpods,HP Laptop} => {iMac}",0.014,0.429,1.673,138,,,,,,,,,,,,,,,,,,
419,"{Apple Earpods,Apple MacBook Pro} => {Apple MacBook Air}",0.008,0.26,1.669,74,,,,,,,,,,,,,,,,,,
53,{Panasonic In-Ear Headphone} => {CYBERPOWER Gamer Desktop},0.008,0.306,1.664,75,,,,,,,,,,,,,,,,,,
463,"{Apple MacBook Air,HP Laptop} => {iMac}",0.01,0.426,1.664,101,,,,,,,,,,,,,,,,,,
270,"{Backlit LED Gaming Keyboard,Lenovo Desktop Computer} => {iMac}",0.007,0.425,1.659,68,,,,,,,,,,,,,,,,,,
97,{Epson Printer} => {iMac},0.02,0.425,1.659,201,,,,,,,,,,,,,,,,,,
8,{Dell Wired Keyboard} => {iMac},0.007,0.423,1.653,69,,,,,,,,,,,,,,,,,,
558,"{CYBERPOWER Gamer Desktop,HP Laptop} => {iMac}",0.018,0.422,1.649,177,,,,,,,,,,,,,,,,,,
452,"{Apple MacBook Pro,iMac} => {HP Laptop}",0.011,0.319,1.641,108,,,,,,,,,,,,,,,,,,
282,"{Dell Laptop,iMac} => {HP Laptop}",0.008,0.318,1.64,78,,,,,,,,,,,,,,,,,,
531,"{Apple Earpods,HP Laptop} => {CYBERPOWER Gamer Desktop}",0.01,0.301,1.638,97,,,,,,,,,,,,,,,,,,
281,"{Dell Laptop,HP Laptop} => {iMac}",0.008,0.419,1.637,78,,,,,,,,,,,,,,,,,,
442,"{Apple MacBook Pro,Lenovo Desktop Computer} => {CYBERPOWER Gamer Desktop}",0.007,0.301,1.636,71,,,,,,,,,,,,,,,,,,
559,"{CYBERPOWER Gamer Desktop,iMac} => {HP Laptop}",0.018,0.317,1.634,177,,,,,,,,,,,,,,,,,,
356,"{3-Button Mouse,iMac} => {HP Laptop}",0.011,0.317,1.634,104,,,,,,,,,,,,,,,,,,
85,{Intel Desktop} => {iMac},0.016,0.415,1.622,162,,,,,,,,,,,,,,,,,,
45,{Alienware Laptop} => {iMac},0.012,0.415,1.619,114,,,,,,,,,,,,,,,,,,
399,"{Lenovo Desktop Computer,Samsung Monitor} => {Apple Earpods}",0.006,0.282,1.615,60,,,,,,,,,,,,,,,,,,
428,"{Apple MacBook Pro,CYBERPOWER Gamer Desktop} => {Apple Earpods}",0.007,0.282,1.614,67,,,,,,,,,,,,,,,,,,
118,{Belkin Mouse Pad} => {iMac},0.024,0.413,1.613,238,,,,,,,,,,,,,,,,,,
387,"{iMac,Microsoft Wireless Desktop Keyboard and Mouse} => {Apple Earpods}",0.007,0.281,1.611,68,,,,,,,,,,,,,,,,,,
3,{Cyber Acoustics} => {iMac},0.006,0.412,1.609,61,,,,,,,,,,,,,,,,,,
80,{HP Wireless Printer} => {HP Laptop},0.012,0.312,1.609,114,,,,,,,,,,,,,,,,,,
527,"{Apple Earpods,Dell Desktop} => {iMac}",0.011,0.412,1.609,110,,,,,,,,,,,,,,,,,,
64,{Dell 2 Desktop} => {HP Laptop},0.01,0.312,1.607,102,,,,,,,,,,,,,,,,,,
156,{Lenovo Desktop Computer} => {HP Laptop},0.046,0.312,1.606,454,,,,,,,,,,,,,,,,,,
449,"{Apple MacBook Pro,Lenovo Desktop Computer} => {iMac}",0.01,0.411,1.605,97,,,,,,,,,,,,,,,,,,
41,{Logitech MK550 Wireless Wave Keyboard and Mouse Combo} => {iMac},0.01,0.411,1.604,99,,,,,,,,,,,,,,,,,,
277,"{CYBERPOWER Gamer Desktop,Dell Laptop} => {iMac}",0.007,0.41,1.599,68,,,,,,,,,,,,,,,,,,
444,"{Apple MacBook Pro,HP Laptop} => {CYBERPOWER Gamer Desktop}",0.007,0.294,1.598,72,,,,,,,,,,,,,,,,,,
390,"{iMac,Microsoft Wireless Desktop Keyboard and Mouse} => {HP Laptop}",0.008,0.31,1.597,75,,,,,,,,,,,,,,,,,,
91,{HP Wireless Mouse} => {iMac},0.018,0.409,1.596,175,,,,,,,,,,,,,,,,,,
476,"{Acer Desktop,Apple Earpods} => {HP Laptop}",0.006,0.31,1.595,61,,,,,,,,,,,,,,,,,,
88,{AOC Monitor} => {iMac},0.017,0.408,1.594,169,,,,,,,,,,,,,,,,,,
349,"{3-Button Mouse,CYBERPOWER Gamer Desktop} => {iMac}",0.009,0.408,1.592,84,,,,,,,,,,,,,,,,,,
154,{Dell Desktop} => {iMac},0.055,0.407,1.591,537,,,,,,,,,,,,,,,,,,
101,{ASUS Chromebook} => {iMac},0.021,0.407,1.589,210,,,,,,,,,,,,,,,,,,
147,{Acer Desktop} => {HP Laptop},0.031,0.306,1.578,307,,,,,,,,,,,,,,,,,,
273,"{Backlit LED Gaming Keyboard,iMac} => {HP Laptop}",0.008,0.306,1.578,83,,,,,,,,,,,,,,,,,,
9,{Brother Printer Toner} => {iMac},0.007,0.402,1.571,70,,,,,,,,,,,,,,,,,,
443,"{Apple MacBook Pro,CYBERPOWER Gamer Desktop} => {HP Laptop}",0.007,0.303,1.559,72,,,,,,,,,,,,,,,,,,
59,{iPad} => {Apple Earpods},0.009,0.271,1.553,91,,,,,,,,,,,,,,,,,,
12,{Microsoft Basic Optical Mouse} => {iMac},0.007,0.398,1.553,70,,,,,,,,,,,,,,,,,,
157,{Lenovo Desktop Computer} => {iMac},0.059,0.397,1.55,578,,,,,,,,,,,,,,,,,,
341,"{3-Button Mouse,Apple Earpods} => {iMac}",0.008,0.396,1.547,82,,,,,,,,,,,,,,,,,,
433,"{Apple MacBook Pro,Dell Desktop} => {CYBERPOWER Gamer Desktop}",0.006,0.284,1.546,62,,,,,,,,,,,,,,,,,,
485,"{Acer Desktop,CYBERPOWER Gamer Desktop} => {iMac}",0.007,0.395,1.544,70,,,,,,,,,,,,,,,,,,
94,{Computer Game} => {iMac},0.017,0.395,1.541,163,,,,,,,,,,,,,,,,,,
423,"{Acer Desktop,Apple MacBook Pro} => {iMac}",0.006,0.392,1.531,60,,,,,,,,,,,,,,,,,,
266,"{Backlit LED Gaming Keyboard,CYBERPOWER Gamer Desktop} => {iMac}",0.008,0.392,1.53,76,,,,,,,,,,,,,,,,,,
267,"{Backlit LED Gaming Keyboard,iMac} => {CYBERPOWER Gamer Desktop}",0.008,0.28,1.525,76,,,,,,,,,,,,,,,,,,
78,{HP Wireless Printer} => {Apple Earpods},0.01,0.266,1.524,97,,,,,,,,,,,,,,,,,,
158,{HP Laptop} => {iMac},0.076,0.389,1.52,743,,,,,,,,,,,,,,,,,,
159,{iMac} => {HP Laptop},0.076,0.295,1.52,743,,,,,,,,,,,,,,,,,,
68,{Brother Printer} => {iMac},0.013,0.389,1.518,126,,,,,,,,,,,,,,,,,,
400,"{Apple Earpods,Samsung Monitor} => {HP Laptop}",0.007,0.295,1.518,71,,,,,,,,,,,,,,,,,,
114,{Logitech 3-button Mouse} => {iMac},0.025,0.389,1.518,248,,,,,,,,,,,,,,,,,,
205,"{iMac,LG Monitor} => {CYBERPOWER Gamer Desktop}",0.006,0.279,1.514,61,,,,,,,,,,,,,,,,,,
22,{HP Desktop} => {Apple Earpods},0.007,0.264,1.514,71,,,,,,,,,,,,,,,,,,
58,{Etekcity Power Extension Cord Cable} => {iMac},0.012,0.387,1.513,117,,,,,,,,,,,,,,,,,,
67,{Brother Printer} => {HP Laptop},0.01,0.293,1.511,95,,,,,,,,,,,,,,,,,,
278,"{Dell Laptop,iMac} => {CYBERPOWER Gamer Desktop}",0.007,0.278,1.509,68,,,,,,,,,,,,,,,,,,
105,{LG Monitor} => {iMac},0.022,0.386,1.508,219,,,,,,,,,,,,,,,,,,
36,{Logitech Keyboard} => {iMac},0.011,0.386,1.507,105,,,,,,,,,,,,,,,,,,
34,{Otium Wireless Sports Bluetooth Headphone} => {iMac},0.01,0.386,1.506,98,,,,,,,,,,,,,,,,,,
539,"{Dell Desktop,Lenovo Desktop Computer} => {CYBERPOWER Gamer Desktop}",0.01,0.277,1.506,100,,,,,,,,,,,,,,,,,,
144,{Apple MacBook Pro} => {Apple Earpods},0.029,0.262,1.504,285,,,,,,,,,,,,,,,,,,
401,"{HP Laptop,Samsung Monitor} => {Apple Earpods}",0.007,0.262,1.502,71,,,,,,,,,,,,,,,,,,
347,"{3-Button Mouse,CYBERPOWER Gamer Desktop} => {HP Laptop}",0.006,0.291,1.501,60,,,,,,,,,,,,,,,,,,
455,"{Apple MacBook Air,HP Laptop} => {Apple Earpods}",0.006,0.262,1.5,62,,,,,,,,,,,,,,,,,,
129,{HP Monitor} => {HP Laptop},0.021,0.291,1.5,207,,,,,,,,,,,,,,,,,,
408,"{CYBERPOWER Gamer Desktop,Samsung Monitor} => {HP Laptop}",0.009,0.289,1.486,88,,,,,,,,,,,,,,,,,,
557,"{iMac,Lenovo Desktop Computer} => {CYBERPOWER Gamer Desktop}",0.016,0.273,1.486,158,,,,,,,,,,,,,,,,,,
113,{Logitech 3-button Mouse} => {HP Laptop},0.019,0.288,1.486,184,,,,,,,,,,,,,,,,,,
142,{Samsung Monitor} => {HP Laptop},0.028,0.288,1.484,271,,,,,,,,,,,,,,,,,,
31,{Redragon Gaming Mouse} => {iMac},0.009,0.38,1.483,87,,,,,,,,,,,,,,,,,,
42,{Alienware Laptop} => {CYBERPOWER Gamer Desktop},0.008,0.273,1.483,75,,,,,,,,,,,,,,,,,,
103,{iPad Pro} => {iMac},0.02,0.379,1.478,195,,,,,,,,,,,,,,,,,,
35,{Logitech Keyboard} => {HP Laptop},0.008,0.287,1.477,78,,,,,,,,,,,,,,,,,,
76,{ASUS Desktop} => {HP Laptop},0.011,0.285,1.47,105,,,,,,,,,,,,,,,,,,
140,{Samsung Monitor} => {Apple Earpods},0.025,0.256,1.469,241,,,,,,,,,,,,,,,,,,
69,{Slim Wireless Mouse} => {HP Laptop},0.011,0.285,1.468,106,,,,,,,,,,,,,,,,,,
293,"{HP Laptop,Microsoft Office Home and Student 2016} => {CYBERPOWER Gamer Desktop}",0.006,0.27,1.466,62,,,,,,,,,,,,,,,,,,
135,{3-Button Mouse} => {iMac},0.033,0.375,1.464,328,,,,,,,,,,,,,,,,,,
348,"{3-Button Mouse,HP Laptop} => {CYBERPOWER Gamer Desktop}",0.006,0.269,1.463,60,,,,,,,,,,,,,,,,,,
507,"{Lenovo Desktop Computer,ViewSonic Monitor} => {CYBERPOWER Gamer Desktop}",0.008,0.269,1.461,75,,,,,,,,,,,,,,,,,,
127,{HP Monitor} => {Apple Earpods},0.018,0.255,1.46,181,,,,,,,,,,,,,,,,,,
32,{Otium Wireless Sports Bluetooth Headphone} => {CYBERPOWER Gamer Desktop},0.007,0.268,1.455,68,,,,,,,,,,,,,,,,,,
130,{HP Monitor} => {iMac},0.027,0.371,1.45,264,,,,,,,,,,,,,,,,,,
139,{Acer Aspire} => {iMac},0.031,0.371,1.449,302,,,,,,,,,,,,,,,,,,
597,"{HP Laptop,iMac,ViewSonic Monitor} => {CYBERPOWER Gamer Desktop}",0.006,0.266,1.447,62,,,,,,,,,,,,,,,,,,
47,{HDMI Cable 6ft} => {CYBERPOWER Gamer Desktop},0.007,0.266,1.444,68,,,,,,,,,,,,,,,,,,
81,{HP Wireless Printer} => {iMac},0.014,0.37,1.444,135,,,,,,,,,,,,,,,,,,
30,{Redragon Gaming Mouse} => {HP Laptop},0.007,0.279,1.44,64,,,,,,,,,,,,,,,,,,
107,{Acer Monitor} => {HP Laptop},0.016,0.279,1.439,162,,,,,,,,,,,,,,,,,,
342,"{3-Button Mouse,iMac} => {Apple Earpods}",0.008,0.25,1.434,82,,,,,,,,,,,,,,,,,,
102,{iPad Pro} => {HP Laptop},0.015,0.278,1.431,143,,,,,,,,,,,,,,,,,,
77,{ASUS Desktop} => {iMac},0.014,0.364,1.422,134,,,,,,,,,,,,,,,,,,
495,"{Dell Desktop,ViewSonic Monitor} => {CYBERPOWER Gamer Desktop}",0.007,0.261,1.416,68,,,,,,,,,,,,,,,,,,
554,"{HP Laptop,Lenovo Desktop Computer} => {CYBERPOWER Gamer Desktop}",0.012,0.26,1.413,118,,,,,,,,,,,,,,,,,,
99,{ASUS Chromebook} => {CYBERPOWER Gamer Desktop},0.014,0.26,1.412,134,,,,,,,,,,,,,,,,,,
445,"{Apple MacBook Pro,CYBERPOWER Gamer Desktop} => {iMac}",0.009,0.361,1.411,86,,,,,,,,,,,,,,,,,,
512,"{iMac,ViewSonic Monitor} => {CYBERPOWER Gamer Desktop}",0.013,0.259,1.41,126,,,,,,,,,,,,,,,,,,
65,{Dell 2 Desktop} => {iMac},0.012,0.358,1.397,117,,,,,,,,,,,,,,,,,,
148,{Acer Desktop} => {iMac},0.036,0.357,1.395,358,,,,,,,,,,,,,,,,,,
71,{Eluktronics Pro Gaming Laptop} => {CYBERPOWER Gamer Desktop},0.009,0.256,1.394,90,,,,,,,,,,,,,,,,,,
384,"{Apple Earpods,Microsoft Wireless Desktop Keyboard and Mouse} => {CYBERPOWER Gamer Desktop}",0.006,0.256,1.393,62,,,,,,,,,,,,,,,,,,
350,"{3-Button Mouse,iMac} => {CYBERPOWER Gamer Desktop}",0.009,0.256,1.392,84,,,,,,,,,,,,,,,,,,
509,"{HP Laptop,ViewSonic Monitor} => {CYBERPOWER Gamer Desktop}",0.012,0.254,1.382,120,,,,,,,,,,,,,,,,,,
446,"{Apple MacBook Pro,iMac} => {CYBERPOWER Gamer Desktop}",0.009,0.254,1.379,86,,,,,,,,,,,,,,,,,,
458,"{Apple MacBook Air,HP Laptop} => {CYBERPOWER Gamer Desktop}",0.006,0.253,1.376,60,,,,,,,,,,,,,,,,,,
115,{Belkin Mouse Pad} => {CYBERPOWER Gamer Desktop},0.015,0.252,1.369,145,,,,,,,,,,,,,,,,,,
37,{Cambridge Bluetooth Speaker} => {HP Laptop},0.008,0.265,1.366,74,,,,,,,,,,,,,,,,,,
82,{Intel Desktop} => {CYBERPOWER Gamer Desktop},0.01,0.251,1.366,98,,,,,,,,,,,,,,,,,,
522,"{Apple Earpods,Dell Desktop} => {CYBERPOWER Gamer Desktop}",0.007,0.251,1.364,67,,,,,,,,,,,,,,,,,,
108,{Acer Monitor} => {iMac},0.021,0.348,1.36,202,,,,,,,,,,,,,,,,,,
460,"{Apple MacBook Air,iMac} => {CYBERPOWER Gamer Desktop}",0.007,0.25,1.359,70,,,,,,,,,,,,,,,,,,
7,{Epson Black Ink} => {iMac},0.006,0.348,1.359,63,,,,,,,,,,,,,,,,,,
38,{Cambridge Bluetooth Speaker} => {iMac},0.01,0.348,1.357,97,,,,,,,,,,,,,,,,,,
74,{Wireless Portable Mouse} => {HP Laptop},0.01,0.262,1.349,99,,,,,,,,,,,,,,,,,,
60,{iPad} => {HP Laptop},0.009,0.262,1.349,88,,,,,,,,,,,,,,,,,,
122,{Backlit LED Gaming Keyboard} => {iMac},0.028,0.345,1.348,271,,,,,,,,,,,,,,,,,,
421,"{Apple MacBook Air,Apple MacBook Pro} => {iMac}",0.008,0.342,1.336,77,,,,,,,,,,,,,,,,,,
530,"{Apple Earpods,CYBERPOWER Gamer Desktop} => {HP Laptop}",0.01,0.257,1.326,97,,,,,,,,,,,,,,,,,,
134,{3-Button Mouse} => {HP Laptop},0.023,0.255,1.313,223,,,,,,,,,,,,,,,,,,
457,"{Apple MacBook Air,CYBERPOWER Gamer Desktop} => {HP Laptop}",0.006,0.253,1.304,60,,,,,,,,,,,,,,,,,,
75,{Wireless Portable Mouse} => {iMac},0.013,0.333,1.301,126,,,,,,,,,,,,,,,,,,
274,"{Apple Earpods,Dell Laptop} => {iMac}",0.006,0.332,1.294,61,,,,,,,,,,,,,,,,,,
27,{Logitech MK270 Wireless Keyboard and Mouse Combo} => {iMac},0.007,0.327,1.278,72,,,,,,,,,,,,,,,,,,
143,{Samsung Monitor} => {iMac},0.031,0.323,1.261,304,,,,,,,,,,,,,,,,,,
109,{Apple Wireless Keyboard} => {iMac},0.021,0.323,1.261,206,,,,,,,,,,,,,,,,,,
123,{Dell Laptop} => {iMac},0.025,0.316,1.233,245,,,,,,,,,,,,,,,,,,
145,{Apple MacBook Pro} => {iMac},0.034,0.312,1.218,339,,,,,,,,,,,,,,,,,,
61,{iPad} => {iMac},0.011,0.31,1.208,104,,,,,,,,,,,,,,,,,,
155,{CYBERPOWER Gamer Desktop} => {iMac},0.057,0.308,1.204,558,,,,,,,,,,,,,,,,,,
70,{Slim Wireless Mouse} => {iMac},0.011,0.296,1.155,110,,,,,,,,,,,,,,,,,,
386,"{Apple Earpods,Microsoft Wireless Desktop Keyboard and Mouse} => {iMac}",0.007,0.281,1.097,68,,,,,,,,,,,,,,,,,,
10,{Slim 2TB Portable External Hard Drive} => {iMac},0.007,0.262,1.022,67,,,,,,,,,,,,,,,,,,
